peptide,probability,label
GYE,0.3291072,non-amyloid
KFFE,0.18201308,non-amyloid
KVVE,0.51990175,amyloid
NNQQ,0.22298843,non-amyloid
VKSE,0.13444187,non-amyloid
AILSS,0.23100436,non-amyloid
APGET,0.0007533633,non-amyloid
DFNKF,0.3095262,non-amyloid
DYFLF,0.79186535,amyloid
FGAIL,0.76514393,amyloid
FLVHS,0.6095556,amyloid
GVVIA,0.97959685,amyloid
KLVFF,0.6525477,amyloid
LQVVR,0.4323502,non-amyloid
LVFFA,0.6538813,amyloid
NFGSV,0.7029559,amyloid
NFLVH,0.93648446,amyloid
QIVAG,0.90938133,amyloid
QQQQQ,0.029321445,non-amyloid
RDNSA,0.0022559029,non-amyloid
SEFSV,0.18068966,non-amyloid
AAAQAA,0.0016331552,non-amyloid
AAELRN,0.0009111883,non-amyloid
AAIDWF,0.38744858,non-amyloid
AAIGWG,0.040493477,non-amyloid
AAIIGQ,0.87803614,amyloid
AALQSS,0.010528067,non-amyloid
AAPKPK,8.791852e-05,non-amyloid
AAQAAL,0.0015985981,non-amyloid
AARRFF,0.00019550911,non-amyloid
AATVYV,0.90536785,amyloid
AAVDQT,0.04716403,non-amyloid
ACGVIG,0.20254649,non-amyloid
ADVGQG,0.011642959,non-amyloid
ADVSIE,0.1410891,non-amyloid
AEKLFD,0.0003890403,non-amyloid
AEMEYL,0.037630804,non-amyloid
AENGKS,0.0012264538,non-amyloid
AESDKK,0.001430139,non-amyloid
AETKEP,0.0010063421,non-amyloid
AEVLAL,0.44752082,non-amyloid
AEVVFT,0.63003165,amyloid
AFSINP,0.0026619695,non-amyloid
AGFQPQ,0.00060812465,non-amyloid
AGGYYQ,0.0039462405,non-amyloid
AGSGSG,0.0002505133,non-amyloid
AGVNYF,0.8224964,amyloid
AGYQQQ,0.0003209803,non-amyloid
AIDWFD,0.02842874,non-amyloid
AIGWGS,0.00857828,non-amyloid
AIIGLM,0.87078065,amyloid
AILSST,0.60134006,amyloid
AINKIQ,0.11015022,non-amyloid
AISNNN,0.0663158,non-amyloid
AIVAGD,0.96348554,amyloid
AIVAGS,0.9667514,amyloid
AIVAGT,0.9755579,amyloid
ALALQT,0.036116745,non-amyloid
ALEEYT,0.047984913,non-amyloid
ALQSSW,0.008607487,non-amyloid
ALQTDA,0.0044494905,non-amyloid
AMMAAA,0.026999949,non-amyloid
AMNITN,0.009498338,non-amyloid
ANATKK,0.009070634,non-amyloid
ANFLVH,0.9373539,amyloid
ANNNSN,0.012004353,non-amyloid
ANNYSS,0.006956255,non-amyloid
APKPKK,3.6197012e-05,non-amyloid
AQAALQ,0.014204353,non-amyloid
AQAQPA,0.00025342542,non-amyloid
AQFIIS,0.930953,amyloid
AQIVYK,0.6167618,amyloid
AQPAGG,5.915206e-06,non-amyloid
ASNAGS,0.012877414,non-amyloid
ASQQNQ,0.023248635,non-amyloid
ASRQNQ,0.0033873224,non-amyloid
ASSSNY,0.62093186,amyloid
ATAHQY,0.0026607115,non-amyloid
ATKKVD,0.020802276,non-amyloid
ATLDQW,0.03831681,non-amyloid
ATTRTV,0.03308241,non-amyloid
ATVIIE,0.8467582,amyloid
ATVQAF,0.6101002,amyloid
ATVSFD,0.26004857,non-amyloid
AVDQTA,0.011002467,non-amyloid
AVFIIY,0.9895174,amyloid
AVTTGV,0.2221992,non-amyloid
AYNAQA,0.0046189944,non-amyloid
CATVYV,0.980493,amyloid
CGVIGI,0.90334064,amyloid
CILFWG,0.9628397,amyloid
CPSGNN,0.0045049316,non-amyloid
CQIVYK,0.9685509,amyloid
CQVNIG,0.97292364,amyloid
CTIYWG,0.98751605,amyloid
CTLWWG,0.8538025,amyloid
CTVFIG,0.96266997,amyloid
CTVWWG,0.9717718,amyloid
DADLYL,0.012618091,non-amyloid
DAGYQQ,4.055356e-05,non-amyloid
DATVYV,0.43530726,non-amyloid
DAVKIS,0.059476007,non-amyloid
DCVNIT,0.9118965,amyloid
DDSLFF,0.09979848,non-amyloid
DECFFF,0.047696203,non-amyloid
DENNTF,0.006872016,non-amyloid
DETVIV,0.054581728,non-amyloid
DFNKFH,0.170644,non-amyloid
DFQKQQ,0.0071195513,non-amyloid
DHCIIG,0.5635801,amyloid
DHCIIW,0.8056587,amyloid
DIDLHL,0.22523363,non-amyloid
DIEVDL,0.07466451,non-amyloid
DILTYT,0.42418218,non-amyloid
DKKEEE,0.014586155,non-amyloid
DLLKNG,0.0029673383,non-amyloid
DLTITQ,0.026970781,non-amyloid
DLTQRG,0.00018263233,non-amyloid
DNNTIF,0.083900236,non-amyloid
DQIVYK,0.5876124,amyloid
DQTASN,0.060251918,non-amyloid
DQWNGK,0.008668778,non-amyloid
DSNQGN,0.016926192,non-amyloid
DSVISL,0.250814,non-amyloid
DTKPAE,0.0002463007,non-amyloid
DTVIIE,0.7012393,amyloid
DVGQGS,0.009742703,non-amyloid
DVNRNG,0.002736143,non-amyloid
DVSIED,0.0032980086,non-amyloid
EALYLV,0.20862208,non-amyloid
EATVSF,0.081816316,non-amyloid
EATVYV,0.46789825,non-amyloid
ECFFFE,0.010565264,non-amyloid
EDSVIS,0.038400535,non-amyloid
EECLFL,0.025781343,non-amyloid
EEEKSA,0.008755745,non-amyloid
EEKKEE,0.003166205,non-amyloid
EEKPVQ,0.00018989967,non-amyloid
EEKSAE,0.0033911048,non-amyloid
EEKSEL,0.0009586607,non-amyloid
EEPVKK,2.9352967e-05,non-amyloid
EGVLYV,0.9481379,amyloid
EHSDLS,0.0052935,non-amyloid
EIPAGV,0.00035042304,non-amyloid
EKDEYA,0.0026152555,non-amyloid
EKKEEK,0.0018746154,non-amyloid
EKNLYL,0.0027294254,non-amyloid
EKPVQT,0.000111324574,non-amyloid
EKSAET,0.00073265,non-amyloid
EKSELP,0.00034980275,non-amyloid
ELNIYQ,0.057336032,non-amyloid
ELPKVE,0.0007394933,non-amyloid
EMTVKQ,0.012734872,non-amyloid
EPTKVE,0.00022618579,non-amyloid
EPTREP,1.5612444e-05,non-amyloid
EPVKKE,7.421616e-05,non-amyloid
EQIVYK,0.4577312,non-amyloid
ERGFFY,0.0018973933,non-amyloid
ERIEKV,0.0027865611,non-amyloid
ESDKKE,0.0007090633,non-amyloid
ESNTNN,0.0061370246,non-amyloid
ETKEPT,0.004970516,non-amyloid
ETVIIE,0.45747924,non-amyloid
ETVIVI,0.10150022,non-amyloid
ETWFFG,0.026991118,non-amyloid
ETYVVT,0.06370846,non-amyloid
EVDLLK,0.0049179443,non-amyloid
EVTTGV,0.071763545,non-amyloid
EYLKIA,0.019746495,non-amyloid
EYSNFS,0.40358388,non-amyloid
FAIRHF,0.6455531,amyloid
FATVYV,0.98659235,amyloid
FDTAST,0.32767177,non-amyloid
FERQHM,0.003642744,non-amyloid
FESNFN,0.7888125,amyloid
FFNLNN,0.028490959,non-amyloid
FFWRFM,0.007306038,non-amyloid
FFYTPK,0.030430991,non-amyloid
FGAFSI,0.046261773,non-amyloid
FGELFE,0.08325905,non-amyloid
FGGGNG,0.0051583652,non-amyloid
FGNNAT,0.015418363,non-amyloid
FGNQSG,0.0010733268,non-amyloid
FGNSAT,0.01654215,non-amyloid
FGNSRG,0.0003605292,non-amyloid
FGTFSI,0.1642568,non-amyloid
FHPSDI,0.0018273001,non-amyloid
FINYTN,0.021003515,non-amyloid
FIVNIV,0.99178046,amyloid
FKQIGI,0.05279189,non-amyloid
FLKYFT,0.03957318,non-amyloid
FLVHSS,0.5474678,amyloid
FMFFII,0.012637628,non-amyloid
FMFNDL,0.055742096,non-amyloid
FMSNDL,0.011243226,non-amyloid
FNKFGG,0.048508883,non-amyloid
FNPQGG,0.00017450025,non-amyloid
FNYNNN,0.02206361,non-amyloid
FQIVYK,0.97829866,amyloid
FQKQQK,0.074111156,non-amyloid
FQPQSQ,0.00024231692,non-amyloid
FSINPA,0.3910548,non-amyloid
FSKDWS,0.008646143,non-amyloid
FSNATN,0.024037192,non-amyloid
FTFIQF,0.9782632,amyloid
FTPTEK,0.00017803993,non-amyloid
FTVIIE,0.9847542,amyloid
FVFYIF,0.7396665,amyloid
FVNQHL,0.2713793,non-amyloid
FYLLYY,0.9262413,amyloid
FYTPKT,0.003190758,non-amyloid
GAAIGW,0.08578187,non-amyloid
GAAVDQ,0.00975969,non-amyloid
GADVGQ,0.15745854,non-amyloid
GAFSIN,0.34009382,non-amyloid
GAIIGL,0.9908041,amyloid
GAILSS,0.6087369,amyloid
GAITIG,0.942443,amyloid
GATVYV,0.93742555,amyloid
GDCFIL,0.9057022,amyloid
GDHCII,0.8108874,amyloid
GDVIEV,0.6773195,amyloid
GDVIEW,0.7328647,amyloid
GEATVS,0.28346938,non-amyloid
GELAVA,0.9725581,amyloid
GERGFF,0.0024650488,non-amyloid
GEWTYD,0.42171124,non-amyloid
GFFNLQ,0.3456395,non-amyloid
GFFQQQ,0.09549904,non-amyloid
GFFYTP,0.010902878,non-amyloid
GFGNNA,0.071174,non-amyloid
GFGNQS,0.006631066,non-amyloid
GFGNSA,0.025678283,non-amyloid
GFGNSR,0.001371125,non-amyloid
GFNKFG,0.12799701,non-amyloid
GFNNSA,0.06750782,non-amyloid
GFNNTP,0.0011965362,non-amyloid
GFPGSF,0.0005632046,non-amyloid
GFQPQS,0.00036825106,non-amyloid
GFSGSF,0.025049632,non-amyloid
GFSNNN,0.0869127,non-amyloid
GGFGNQ,0.02716811,non-amyloid
GGFNKF,0.092291035,non-amyloid
GGGGNH,0.05630041,non-amyloid
GGGGNN,0.12388389,non-amyloid
GGGMNF,0.059514113,non-amyloid
GGGNGA,0.041584287,non-amyloid
GGGNHG,0.033004284,non-amyloid
GGGNNS,0.2740573,non-amyloid
GGGNSA,0.10632857,non-amyloid
GGMNFG,0.18187699,non-amyloid
GGNGAA,0.02329852,non-amyloid
GGNGAD,0.008347663,non-amyloid
GGNHGG,0.0047021937,non-amyloid
GGNNSG,0.024623046,non-amyloid
GGNSAL,0.027141908,non-amyloid
GGQQQS,0.008387145,non-amyloid
GGRGNY,0.0058521437,non-amyloid
GGVLVN,0.9481536,amyloid
GGVVIA,0.9763435,amyloid
GGYLLG,0.89762443,amyloid
GGYMLG,0.9361389,amyloid
GGYQQQ,0.0024833041,non-amyloid
GGYQQY,0.003659815,non-amyloid
GGYVLG,0.9261107,amyloid
GGYYQN,0.018025963,non-amyloid
GIFNIK,0.63716227,amyloid
GIIKTN,0.12317807,non-amyloid
GIKLAN,0.037880972,non-amyloid
GIVIVA,0.95481277,amyloid
GKQAYQ,0.00085821096,non-amyloid
GKQGYQ,0.002365997,non-amyloid
GLCYFN,0.89914364,amyloid
GLFINM,0.74226415,amyloid
GLLLWQ,0.4746462,non-amyloid
GLSIFV,0.96008176,amyloid
GMFNIQ,0.45800775,non-amyloid
GMLASQ,0.09416282,non-amyloid
GMLASR,0.009412074,non-amyloid
GMMGML,0.94594234,amyloid
GMNFGA,0.067771114,non-amyloid
GMNFGT,0.04912326,non-amyloid
GMSLND,0.0009782354,non-amyloid
GNCFIL,0.94338363,amyloid
GNFNNL,0.75225824,amyloid
GNGAAV,0.04842375,non-amyloid
GNGADV,0.01169243,non-amyloid
GNHGGG,0.009165279,non-amyloid
GNNATA,0.030360322,non-amyloid
GNNQQN,0.062224876,non-amyloid
GNNRYQ,0.010443657,non-amyloid
GNNSGP,0.005829862,non-amyloid
GNNSYS,0.061830983,non-amyloid
GNQQQG,0.003829641,non-amyloid
GNQSGF,0.015443543,non-amyloid
GNSALA,0.5936216,amyloid
GNSATL,0.011662214,non-amyloid
GNTCVN,0.92298406,amyloid
GNVAVA,0.978119,amyloid
GNVCIN,0.987111,amyloid
GNYKNF,0.08356466,non-amyloid
GQGSDD,0.0042171497,non-amyloid
GQIVYK,0.74908805,amyloid
GQNNTQ,0.014413455,non-amyloid
GQQNQY,0.032898784,non-amyloid
GQQQSY,0.012868962,non-amyloid
GQQSYS,0.0073561887,non-amyloid
GQSSYS,0.025251765,non-amyloid
GRGNYK,0.008897383,non-amyloid
GRIGIA,0.07622725,non-amyloid
GSASNA,0.16278556,non-amyloid
GSGFNG,0.0013930624,non-amyloid
GSGSGF,0.00802177,non-amyloid
GSHLVE,0.12397251,non-amyloid
GSIAAT,0.88898957,amyloid
GSNNTF,0.072024815,non-amyloid
GSNSGA,0.075258166,non-amyloid
GTFFIN,0.89779705,amyloid
GTFFIT,0.93093896,amyloid
GTFFQE,0.038209647,non-amyloid
GTFNII,0.90496624,amyloid
GTFSIN,0.55490077,amyloid
GTLFWG,0.8424481,amyloid
GTLVFM,0.9649428,amyloid
GTVIIE,0.9307458,amyloid
GTVLFM,0.9767477,amyloid
GTVWWG,0.9650509,amyloid
GVATVA,0.94678897,amyloid
GVFNNQ,0.4433497,non-amyloid
GVIGIA,0.9388103,amyloid
GVIWIA,0.98951614,amyloid
GVNNNN,0.033910982,non-amyloid
GVNYFL,0.9563099,amyloid
GVPGIA,0.010433442,non-amyloid
GVQVGD,0.60614896,amyloid
GVTIIT,0.29133582,non-amyloid
GVVPQY,0.020493217,non-amyloid
GVVTSE,0.11299746,non-amyloid
GVVVVT,0.11673189,non-amyloid
GVWWFF,0.9410657,amyloid
GWGSAS,0.001995968,non-amyloid
GYCFIL,0.92023474,amyloid
GYFILQ,0.93539286,amyloid
GYFLNF,0.95679647,amyloid
GYFLNM,0.7984924,amyloid
GYGQSS,0.002903993,non-amyloid
GYMLGS,0.8133042,amyloid
GYQAGF,0.008523463,non-amyloid
GYQAYN,0.004869256,non-amyloid
GYQQGG,0.009007113,non-amyloid
GYQQQF,0.020121317,non-amyloid
GYQQQY,0.006801186,non-amyloid
GYQQYN,0.006950325,non-amyloid
GYSGYQ,0.002507299,non-amyloid
GYVIIK,0.97705305,amyloid
GYVLGS,0.92474306,amyloid
GYYQNY,0.03438942,non-amyloid
HAFLII,0.40627778,non-amyloid
HATVYV,0.8272824,amyloid
HFVWIA,0.8699374,amyloid
HGFNQQ,0.04248528,non-amyloid
HGGGGN,0.021632858,non-amyloid
HGGGNG,0.008766552,non-amyloid
HGWLIM,0.60991037,amyloid
HICNFF,0.7289209,amyloid
HIFIIM,0.033475023,non-amyloid
HIFLLC,0.51312244,amyloid
HKALFW,0.046687722,non-amyloid
HLFNLT,0.645213,amyloid
HLVEAL,0.36054826,non-amyloid
HLVYIM,0.86981565,amyloid
HNNNNN,0.000623948,non-amyloid
HNNNSQ,0.008884168,non-amyloid
HNSVNF,0.26738098,non-amyloid
HNTNNA,0.056405142,non-amyloid
HPAENG,0.0004193334,non-amyloid
HQFNLN,0.717992,amyloid
HQIVYK,0.63476825,amyloid
HQLIIM,0.7752071,amyloid
HSSNNF,0.52036977,amyloid
HTAVTT,0.014652788,non-amyloid
HTFNLL,0.7206356,amyloid
HTVIIE,0.57171273,amyloid
HWQNFA,0.08413121,non-amyloid
HWRNFA,0.011282366,non-amyloid
HYFNIF,0.7595138,amyloid
IATVYV,0.9346337,amyloid
ICSLYQ,0.19727014,non-amyloid
IDLTQR,0.0025686875,non-amyloid
IEDSVI,0.041077476,non-amyloid
IEKVEH,0.016458642,non-amyloid
IEMIFV,0.8779286,amyloid
IFDFIQ,0.500777,amyloid
IFNYNN,0.009371845,non-amyloid
IFQINS,0.40061024,non-amyloid
IGIIKT,0.034788143,non-amyloid
IGNNSI,0.018920816,non-amyloid
IGRTLV,0.01748051,non-amyloid
IGRTLW,0.0036138268,non-amyloid
IGWGSA,0.008170093,non-amyloid
IHKAQN,0.0067830505,non-amyloid
IIGLMV,0.79993296,amyloid
IIHFGS,0.69211197,amyloid
IINFEQ,0.052678175,non-amyloid
IINFIT,0.73274434,amyloid
IIPFEQ,0.0028034626,non-amyloid
IITVTN,0.082268365,non-amyloid
IKGAIK,0.89009804,amyloid
IKLANA,0.035928763,non-amyloid
ILENIS,0.1409983,non-amyloid
ILGSNN,0.097767584,non-amyloid
ILQINS,0.4202456,non-amyloid
ILVAGD,0.98237634,amyloid
ILVAGS,0.9666002,amyloid
INLYTD,0.028915098,non-amyloid
INNMTN,0.0038949319,non-amyloid
INNVSN,0.03210978,non-amyloid
INPAMM,0.009151807,non-amyloid
IQIMIW,0.87146366,amyloid
IQIVYK,0.9658066,amyloid
IQNNSN,0.037729703,non-amyloid
IQRTPK,0.000386358,non-amyloid
IQVYSR,0.10042122,non-amyloid
ISFLIF,0.6277752,amyloid
ISLSGD,0.0614019,non-amyloid
ISMTTS,0.18951733,non-amyloid
ITLFWG,0.9400247,amyloid
ITQHGG,0.0029194397,non-amyloid
ITVIIE,0.8640018,amyloid
ITVTND,0.04670213,non-amyloid
IVATTR,0.082357824,non-amyloid
IVIRTP,0.002769339,non-amyloid
IVIVAT,0.40902054,non-amyloid
IVYSCE,0.7881868,amyloid
IVYSWE,0.8368385,amyloid
IYFNVQ,0.8059115,amyloid
IYQYGG,0.015154616,non-amyloid
KAAIDW,0.004112958,non-amyloid
KAFIIQ,0.5015827,amyloid
KAILFL,0.21796708,non-amyloid
KAKEGV,0.7811611,amyloid
KATVYV,0.8123986,amyloid
KCLNYL,0.40096352,non-amyloid
KCWCFT,0.92453986,amyloid
KDWSFY,0.1351529,non-amyloid
KECLIN,0.15171936,non-amyloid
KEEEKS,0.008446629,non-amyloid
KEEKPV,0.0031376462,non-amyloid
KEEKSE,0.013394493,non-amyloid
KENIIF,0.14740552,non-amyloid
KEPTRE,0.0001889028,non-amyloid
KGENFT,0.15286915,non-amyloid
KHIIVA,0.85221547,amyloid
KIVKWD,0.60715395,amyloid
KKEEEK,0.003640685,non-amyloid
KKEEKP,0.00055890885,non-amyloid
KKEEKS,0.005610747,non-amyloid
KKTLKL,0.0045354296,non-amyloid
KKVDTK,0.040836684,non-amyloid
KLANAT,0.02919593,non-amyloid
KLFIIQ,0.415938,non-amyloid
KLFIQF,0.6913995,amyloid
KLLEIA,0.10662876,non-amyloid
KLLIYE,0.4673616,non-amyloid
KLVFFA,0.61257917,amyloid
KLVSSS,0.08116905,non-amyloid
KMFFIQ,0.088835366,non-amyloid
KNEEGA,0.83457375,amyloid
KPAESD,0.00017150055,non-amyloid
KPKKTL,0.001670856,non-amyloid
KPVQTE,0.0017487762,non-amyloid
KQAAPK,0.0013409837,non-amyloid
KQFGGG,0.010306778,non-amyloid
KQIGII,0.749515,amyloid
KQIVYK,0.8524719,amyloid
KQQKQA,0.022762176,non-amyloid
KSAETK,0.015285885,non-amyloid
KSELPK,0.00019512975,non-amyloid
KSHPET,0.0008858491,non-amyloid
KSNFLN,0.16719343,non-amyloid
KTKEGV,0.82698464,amyloid
KTKEQV,0.4907174,non-amyloid
KTKQGV,0.48490277,non-amyloid
KTLKLV,0.061721914,non-amyloid
KTVEGA,0.81991726,amyloid
KTVIIE,0.6036251,amyloid
KTVIIT,0.29057792,non-amyloid
KTVIVE,0.22740233,non-amyloid
KTVIYE,0.31389886,non-amyloid
KTVLIE,0.30080605,non-amyloid
KVDTKP,0.0014240333,non-amyloid
KVEDLK,0.030625599,non-amyloid
KVEEPV,0.052207116,non-amyloid
KVEHSD,0.0068195583,non-amyloid
KVKVLG,0.5399944,amyloid
KVQIIN,0.874666,amyloid
KWDRDM,0.0012926273,non-amyloid
KYLNWD,0.13045274,non-amyloid
KYNNTG,0.0037670436,non-amyloid
LAAVYV,0.97756326,amyloid
LACVYV,0.91170496,amyloid
LADVYV,0.39880258,non-amyloid
LAEAIG,0.026920067,non-amyloid
LAEVYV,0.47826275,non-amyloid
LAFVYV,0.99691784,amyloid
LAGVYV,0.81056273,amyloid
LAHVYV,0.6804287,amyloid
LAIVYV,0.99928856,amyloid
LAKVYV,0.1517007,non-amyloid
LALQTD,0.0023337433,non-amyloid
LALVYV,0.9977969,amyloid
LAMVYV,0.99621034,amyloid
LANATK,0.00054014614,non-amyloid
LANFLV,0.83280057,amyloid
LANVYV,0.81297094,amyloid
LAPVYV,0.060559142,non-amyloid
LAQVYV,0.7717556,amyloid
LARVYV,0.08520464,non-amyloid
LASQQN,0.009254642,non-amyloid
LASRQN,0.0010472423,non-amyloid
LASVYV,0.9197299,amyloid
LATAYV,0.33826292,non-amyloid
LATCYV,0.9108332,amyloid
LATDYV,0.03223152,non-amyloid
LATEYV,0.0627509,non-amyloid
LATFYV,0.9098891,amyloid
LATGYV,0.026017683,non-amyloid
LATHYV,0.055742867,non-amyloid
LATIYV,0.9331858,amyloid
LATKYV,0.04255409,non-amyloid
LATLYV,0.84849805,amyloid
LATMYV,0.8409133,amyloid
LATNYV,0.16877106,non-amyloid
LATPYV,0.0066762604,non-amyloid
LATQYV,0.048509166,non-amyloid
LATRYV,0.0061233994,non-amyloid
LATSYV,0.193643,non-amyloid
LATTYV,0.52365035,amyloid
LATVAV,0.9887776,amyloid
LATVCV,0.98110145,amyloid
LATVDV,0.7993458,amyloid
LATVEV,0.9087259,amyloid
LATVFV,0.966355,amyloid
LATVGV,0.9636002,amyloid
LATVHV,0.9658748,amyloid
LATVIV,0.97523355,amyloid
LATVKV,0.7963853,amyloid
LATVLV,0.9782073,amyloid
LATVMV,0.96440625,amyloid
LATVNV,0.9732295,amyloid
LATVPV,0.72319806,amyloid
LATVQV,0.97408664,amyloid
LATVRV,0.8171703,amyloid
LATVSV,0.94325787,amyloid
LATVTV,0.9218397,amyloid
LATVVV,0.9767547,amyloid
LATVWV,0.98868775,amyloid
LATVYA,0.6708948,amyloid
LATVYC,0.6949112,amyloid
LATVYD,0.16838615,non-amyloid
LATVYE,0.26208183,non-amyloid
LATVYF,0.94453466,amyloid
LATVYG,0.13748814,non-amyloid
LATVYH,0.22348432,non-amyloid
LATVYI,0.91852474,amyloid
LATVYK,0.106733985,non-amyloid
LATVYL,0.6582874,amyloid
LATVYM,0.8186009,amyloid
LATVYN,0.43311268,non-amyloid
LATVYP,0.01734521,non-amyloid
LATVYQ,0.26639593,non-amyloid
LATVYR,0.049594093,non-amyloid
LATVYS,0.34624264,non-amyloid
LATVYT,0.6174861,amyloid
LATVYV,0.96558005,amyloid
LATVYW,0.7619116,amyloid
LATVYY,0.6927096,amyloid
LATWYV,0.28210902,non-amyloid
LATYYV,0.6396474,amyloid
LAVAGD,0.9506177,amyloid
LAVLFL,0.88232815,amyloid
LAVVYV,0.9996172,amyloid
LAWVYV,0.9858993,amyloid
LAYVYV,0.9871199,amyloid
LCTVYV,0.95466566,amyloid
LDGFSR,3.9822386e-05,non-amyloid
LDGSSR,0.00025334713,non-amyloid
LDQWNG,0.0015058941,non-amyloid
LDTVYV,0.57739806,amyloid
LEFWLQ,0.23095791,non-amyloid
LETVYV,0.6028723,amyloid
LFMFND,0.043464538,non-amyloid
LFMSND,0.054212004,non-amyloid
LFNNST,0.050447978,non-amyloid
LFTVYV,0.97965634,amyloid
LGNNSN,0.0140944775,non-amyloid
LGTVYV,0.86458355,amyloid
LHTVYV,0.82697535,amyloid
LIAGFN,0.29544115,non-amyloid
LIFLIV,0.74652696,amyloid
LINNSV,0.09839928,non-amyloid
LITVYV,0.9849454,amyloid
LIVAAD,0.94002664,amyloid
LIVAGD,0.9888508,amyloid
LIVAGE,0.98571706,amyloid
LIVAGK,0.98193675,amyloid
LIVAGS,0.99296415,amyloid
LIVAGT,0.99663526,amyloid
LKLVSS,0.015033341,non-amyloid
LKNGER,0.00033447525,non-amyloid
LKTVYV,0.3825254,non-amyloid
LKVKVL,0.547761,amyloid
LLAVVA,0.98502237,amyloid
LLFCHI,0.12051308,non-amyloid
LLFYHI,0.15430258,non-amyloid
LLGPTI,0.0012091007,non-amyloid
LLNKTN,0.024090298,non-amyloid
LLTVYV,0.9804366,amyloid
LLVPTI,0.019263942,non-amyloid
LLYYTE,0.28086695,non-amyloid
LMNTTN,0.0085368445,non-amyloid
LMSLFG,0.1008492,non-amyloid
LMTVYV,0.9717955,amyloid
LNDFQK,0.0022813878,non-amyloid
LNIYQY,0.19068784,non-amyloid
LNNITA,0.034260705,non-amyloid
LNTVYV,0.8114881,amyloid
LPKVED,0.0004822814,non-amyloid
LPTVYV,0.4685235,non-amyloid
LQGYQA,0.00019449409,non-amyloid
LQIVYK,0.93253225,amyloid
LQNVSN,0.053043127,non-amyloid
LQSSWG,0.022180088,non-amyloid
LQTDAR,0.0012784755,non-amyloid
LQTVYV,0.8446975,amyloid
LRTVYV,0.3074425,non-amyloid
LSFSKD,0.0007767259,non-amyloid
LSGDHC,0.0132363485,non-amyloid
LSQPKI,0.0002569562,non-amyloid
LSTVYV,0.902349,amyloid
LTFIQV,0.7777937,amyloid
LTITQH,0.1262702,non-amyloid
LTQRGF,0.0019330059,non-amyloid
LTTVYV,0.87149423,amyloid
LTVIIE,0.9605323,amyloid
LVEALY,0.30193612,non-amyloid
LVFYQQ,0.44046345,non-amyloid
LVHSSN,0.36242354,non-amyloid
LVSSSG,0.031737998,non-amyloid
LVTVYV,0.9933096,amyloid
LWTVYV,0.97097605,amyloid
LYQLEN,0.08719393,non-amyloid
LYTVYV,0.9525744,amyloid
LYVLIV,0.99539435,amyloid
MAAAQA,0.0002314462,non-amyloid
MATVYV,0.745485,amyloid
MCSIFQ,0.6511781,amyloid
MERLRI,0.00014552652,non-amyloid
MEWLRI,0.0026078618,non-amyloid
MGGGMN,0.084568694,non-amyloid
MGMLAS,0.013995596,non-amyloid
MGNNTV,0.043451767,non-amyloid
MHVNIQ,0.97518605,amyloid
MIENIQ,0.28801677,non-amyloid
MIFFIY,0.013793133,non-amyloid
MIHFGN,0.43180215,non-amyloid
MINLYT,0.07013252,non-amyloid
MLASQQ,0.005087832,non-amyloid
MLASRQ,0.000519006,non-amyloid
MLVLFV,0.7633607,amyloid
MMAAAQ,0.0027841055,non-amyloid
MMGMLA,0.018768389,non-amyloid
MMHFGN,0.32996368,non-amyloid
MNFGAF,0.03253801,non-amyloid
MNFGTF,0.024727074,non-amyloid
MQIVYK,0.9235825,amyloid
MSDSNQ,0.042619064,non-amyloid
MSLNDF,0.0060968683,non-amyloid
MTFIQN,0.2915616,non-amyloid
MTVIIE,0.74541646,amyloid
MTVKQF,0.22849378,non-amyloid
MVGGVV,0.82605505,amyloid
MYFFIF,0.023621732,non-amyloid
MYWIIF,0.1672359,non-amyloid
NAGSGS,0.009875668,non-amyloid
NANASS,0.009217798,non-amyloid
NANTSN,0.02453348,non-amyloid
NAQAQP,0.00042443603,non-amyloid
NATAHQ,0.008729661,non-amyloid
NATKKV,0.04935022,non-amyloid
NATVYV,0.7185333,amyloid
NDFQKQ,0.002199055,non-amyloid
NDNNNN,0.00081719505,non-amyloid
NDNNSN,0.0037660615,non-amyloid
NEFIIT,0.4179203,non-amyloid
NENGNA,0.01026387,non-amyloid
NFFIQS,0.30217913,non-amyloid
NFFWLL,0.113892056,non-amyloid
NFGAFS,0.19460368,non-amyloid
NFGAIL,0.8771534,amyloid
NFGEFS,0.35877985,non-amyloid
NFGSVQ,0.47712544,non-amyloid
NFGTFS,0.30909225,non-amyloid
NFLVHS,0.8685132,amyloid
NFNNGN,0.039563335,non-amyloid
NFNYNN,0.013515271,non-amyloid
NFVNYS,0.95478874,amyloid
NGAAVD,0.07514124,non-amyloid
NGADVG,0.05235029,non-amyloid
NGERIE,0.0061583924,non-amyloid
NGIVIV,0.5838101,amyloid
NGKSNF,0.05174887,non-amyloid
NGNLSN,0.0076178103,non-amyloid
NGNLTS,0.0043374575,non-amyloid
NGNNSN,0.011851847,non-amyloid
NGNQNR,0.0057445792,non-amyloid
NGNQQQ,0.008960487,non-amyloid
NHFCIQ,0.84340614,amyloid
NHGGGG,0.0047570686,non-amyloid
NHVTLS,0.7126315,amyloid
NIDQSF,0.06419261,non-amyloid
NIFNFT,0.796997,amyloid
NIFNIT,0.5841442,amyloid
NIFWVQ,0.94740874,amyloid
NIGNNS,0.08175591,non-amyloid
NIGQSF,0.046018243,non-amyloid
NINFFT,0.72191715,amyloid
NINFIT,0.6138578,amyloid
NININV,0.05704269,non-amyloid
NINKSN,0.06435904,non-amyloid
NINNNN,0.0011080271,non-amyloid
NINNSI,0.0128722815,non-amyloid
NINNST,0.01291936,non-amyloid
NIQYQF,0.16272412,non-amyloid
NISNNN,0.032975357,non-amyloid
NIVLIM,0.15882765,non-amyloid
NIYQYG,0.091016695,non-amyloid
NKFGGP,0.0031319212,non-amyloid
NKGAII,0.7361404,amyloid
NKGAIK,0.577262,amyloid
NLFYQL,0.5456497,amyloid
NLGPVL,0.03757598,non-amyloid
NLQGYQ,0.0051626195,non-amyloid
NLYTDR,0.00081376353,non-amyloid
NMGGGM,0.010539604,non-amyloid
NMNMNL,0.023578107,non-amyloid
NNATAH,0.055576228,non-amyloid
NNGGNN,0.08251789,non-amyloid
NNLQGY,0.12209625,non-amyloid
NNNGNQ,0.015951082,non-amyloid
NNNISN,0.003259649,non-amyloid
NNNISV,0.036152836,non-amyloid
NNNKNN,0.0054615843,non-amyloid
NNNLQG,0.01102815,non-amyloid
NNNNNE,0.002190484,non-amyloid
NNNNSN,0.0021052626,non-amyloid
NNNNTN,0.001018792,non-amyloid
NNNRGG,0.009803451,non-amyloid
NNNSSS,0.028819758,non-amyloid
NNNWSL,0.13603535,non-amyloid
NNQNTF,0.37285483,non-amyloid
NNQQNY,0.47881892,non-amyloid
NNRYQG,0.00041584286,non-amyloid
NNSGPN,0.120962396,non-amyloid
NNSYSG,0.003464118,non-amyloid
NNTIFV,0.36511067,non-amyloid
NPAMMA,0.008521031,non-amyloid
NPDAGY,0.001344268,non-amyloid
NPQGGR,6.1772305e-05,non-amyloid
NPQGGY,0.00019838744,non-amyloid
NQFIIS,0.89093393,amyloid
NQFNLM,0.86851007,amyloid
NQGNNQ,0.09066675,non-amyloid
NQGYNT,0.0027850098,non-amyloid
NQIVYK,0.85402966,amyloid
NQNMNN,0.013573075,non-amyloid
NQNNFV,0.8841071,amyloid
NQQNQY,0.2582642,non-amyloid
NQQNYQ,0.047724612,non-amyloid
NQQQGN,0.05668921,non-amyloid
NQSCPS,0.014534431,non-amyloid
NQSGFG,0.008812059,non-amyloid
NQYNSS,0.063190416,non-amyloid
NRYQGY,0.0011955759,non-amyloid
NSALAL,0.13425149,non-amyloid
NSATLD,0.03211081,non-amyloid
NSGAAI,0.03492101,non-amyloid
NSNINQ,0.026619082,non-amyloid
NSNLTA,0.050157655,non-amyloid
NSNNSN,0.017966537,non-amyloid
NSNSSN,0.060152188,non-amyloid
NSNTNT,0.0132433195,non-amyloid
NSNTTK,0.00781753,non-amyloid
NSNYTQ,0.00623009,non-amyloid
NSSFNG,0.0072077713,non-amyloid
NSYSGS,0.028304052,non-amyloid
NTIFVQ,0.73572195,amyloid
NTNNTS,0.006010777,non-amyloid
NTVIIE,0.73458886,amyloid
NVAMHV,0.15630953,non-amyloid
NVAVHV,0.36159134,non-amyloid
NVNFSN,0.14733271,non-amyloid
NVTQVG,0.10482442,non-amyloid
NYCNFV,0.94838053,amyloid
NYFAIR,0.08124264,non-amyloid
NYKNFN,0.051265668,non-amyloid
NYNNNL,0.034398247,non-amyloid
NYNNSG,0.0072361063,non-amyloid
NYNNSS,0.022202704,non-amyloid
NYNTYR,0.0043521253,non-amyloid
NYQGYS,0.0045292247,non-amyloid
NYQQYS,0.046318747,non-amyloid
NYVWIV,0.98874366,amyloid
PAESDK,0.00027626692,non-amyloid
PAGGYY,0.00020500652,non-amyloid
PAMMAA,0.0010577826,non-amyloid
PATVYV,0.27725056,non-amyloid
PDAGYQ,5.7245434e-05,non-amyloid
PGGFGN,0.0001036499,non-amyloid
PKIQVY,0.009030388,non-amyloid
PKKTLK,8.742986e-05,non-amyloid
PKPKKT,2.1941518e-05,non-amyloid
PKVEDL,0.00043969703,non-amyloid
PMINLY,0.21221004,non-amyloid
PNGITL,0.0002573259,non-amyloid
PNSANS,0.0009188696,non-amyloid
PNVITL,0.05229943,non-amyloid
PQGGRG,1.8309439e-06,non-amyloid
PQGGYQ,5.498415e-05,non-amyloid
PQIVYK,0.022804698,non-amyloid
PQSQGM,0.00011984448,non-amyloid
PQYGGG,3.6908623e-05,non-amyloid
PSDIEV,0.005700088,non-amyloid
PSGNNQ,0.0016293726,non-amyloid
PTEKDE,0.0003911151,non-amyloid
PTKVEE,0.00021339236,non-amyloid
PTRCCP,9.107104e-05,non-amyloid
PTREPT,5.9141337e-05,non-amyloid
PTVIIE,0.06749118,non-amyloid
PVKKEE,0.0006628256,non-amyloid
PVQTEE,0.00043822263,non-amyloid
PYGQQS,4.3988934e-05,non-amyloid
QAALQS,0.0010919357,non-amyloid
QAAPKP,2.1290336e-06,non-amyloid
QAGFQP,1.7354467e-05,non-amyloid
QANKHI,0.43431863,non-amyloid
QAQNQW,0.023757532,non-amyloid
QAQPAG,2.5423842e-05,non-amyloid
QATVYV,0.9443643,amyloid
QAYNAQ,0.002404233,non-amyloid
QEMRHF,0.13611107,non-amyloid
QFFLQF,0.96268654,amyloid
QFGGGN,0.011124027,non-amyloid
QFNPQG,0.00029272103,non-amyloid
QGFNNQ,0.10268884,non-amyloid
QGGRGN,0.0035461546,non-amyloid
QGGYQQ,0.00031678888,non-amyloid
QGMSLN,0.06301947,non-amyloid
QGNNQQ,0.026562968,non-amyloid
QGNNRY,0.007054056,non-amyloid
QGVCFR,0.40598544,non-amyloid
QGYQAG,0.00048361853,non-amyloid
QGYQAY,0.0038831187,non-amyloid
QGYSGY,0.002185647,non-amyloid
QHGGGN,0.007867657,non-amyloid
QIGIIK,0.16884688,non-amyloid
QILLWS,0.8164348,amyloid
QKQAAP,9.700471e-05,non-amyloid
QKQQKQ,0.003717602,non-amyloid
QLENYC,0.38031867,non-amyloid
QLFINF,0.6865728,amyloid
QLFINN,0.2850003,non-amyloid
QLFLQI,0.43041617,non-amyloid
QNGNQQ,0.019611284,non-amyloid
QNLLWQ,0.63865674,amyloid
QNQSCP,0.028815757,non-amyloid
QNQSGP,0.0029005983,non-amyloid
QNQYNS,0.029577821,non-amyloid
QNSLNM,0.043267876,non-amyloid
QNYQGY,0.012828695,non-amyloid
QNYQQY,0.030035907,non-amyloid
QPAGGY,0.00011445217,non-amyloid
QPKIVK,0.0014426551,non-amyloid
QPMINL,0.022811742,non-amyloid
QPQSQG,0.00010871762,non-amyloid
QQFNPQ,0.031575896,non-amyloid
QQGGYQ,0.0038301195,non-amyloid
QQGNNR,0.013300582,non-amyloid
QQIVYK,0.85989624,amyloid
QQKQAA,0.019945312,non-amyloid
QQNQSC,0.053446565,non-amyloid
QQNQSG,0.0035124011,non-amyloid
QQNQYN,0.075991936,non-amyloid
QQNTSF,0.0833115,non-amyloid
QQNYQQ,0.0012361913,non-amyloid
QQNYSK,0.0025940174,non-amyloid
QQQFNP,0.0044242237,non-amyloid
QQQGNN,0.014712804,non-amyloid
QQQSYG,0.0019718383,non-amyloid
QQQSYN,0.015313837,non-amyloid
QQQYNP,0.00067476,non-amyloid
QQSLFQ,0.34567276,non-amyloid
QQSYGQ,0.0003957372,non-amyloid
QQSYNP,0.00024299549,non-amyloid
QQSYSG,0.00035468664,non-amyloid
QQYNPD,0.0012345792,non-amyloid
QQYNPQ,0.0007993943,non-amyloid
QQYSQN,0.016309867,non-amyloid
QRGFGN,0.0003262793,non-amyloid
QSCPSG,0.000985911,non-amyloid
QSGFGN,0.0050255065,non-amyloid
QSQGMS,0.0071300184,non-amyloid
QSSWGM,0.008287748,non-amyloid
QSSYSS,0.010333397,non-amyloid
QSYGQQ,0.00044622793,non-amyloid
QSYNPP,0.00046038532,non-amyloid
QSYSGY,0.009024262,non-amyloid
QTDARN,0.0017865238,non-amyloid
QTEEKK,0.0060230508,non-amyloid
QTFLVN,0.80045915,amyloid
QTFNLF,0.7127778,amyloid
QTNLYG,0.02285036,non-amyloid
QTVIIE,0.8455178,amyloid
QVGFGN,0.035216976,non-amyloid
QVVHIG,0.14828676,non-amyloid
QVVPIG,0.01047085,non-amyloid
QWNGKN,0.002488294,non-amyloid
QYFEQF,0.789555,amyloid
QYGGGG,0.001170858,non-amyloid
QYGGGN,0.008950737,non-amyloid
QYGGNA,0.013964361,non-amyloid
QYGGNN,0.02766592,non-amyloid
QYNNSN,0.017278658,non-amyloid
QYNPDA,0.00023761035,non-amyloid
QYNPQG,7.855474e-05,non-amyloid
QYSQNG,0.005562025,non-amyloid
RATVYV,0.52556205,amyloid
REPTKV,0.00016654984,non-amyloid
RETWFF,0.010130162,non-amyloid
RGFFYT,0.05359893,non-amyloid
RGFGNS,0.00073129777,non-amyloid
RGGFNK,0.00044349485,non-amyloid
RGNYKN,0.000507737,non-amyloid
RIGIAQ,0.0028430652,non-amyloid
RLSNNI,0.018444788,non-amyloid
RLVFID,0.11039025,non-amyloid
RMFNII,0.049334284,non-amyloid
RNLTKD,0.00019389084,non-amyloid
RQFNQT,0.09946471,non-amyloid
RQIVYK,0.29134056,non-amyloid
RQNQSG,0.0005827728,non-amyloid
RQVLIF,0.8659652,amyloid
RTPKIQ,0.0003555489,non-amyloid
RTVIIE,0.27588853,non-amyloid
RVAFFE,0.0099789435,non-amyloid
RVFNIM,0.41379398,non-amyloid
RVNHVT,0.023908995,non-amyloid
RVNNNA,0.0141697815,non-amyloid
RYQGYQ,0.00012787618,non-amyloid
SAETKE,0.0049632583,non-amyloid
SALALQ,0.24069484,non-amyloid
SASNAG,0.03238055,non-amyloid
SATLDQ,0.014255537,non-amyloid
SATVYV,0.91240114,amyloid
SAVIIE,0.782655,amyloid
SCNNNN,0.027581522,non-amyloid
SCPSGN,0.0013171472,non-amyloid
SDKKEE,0.0033854258,non-amyloid
SDLSFS,0.024826279,non-amyloid
SDLTIT,0.18357033,non-amyloid
SDNNTI,0.004536573,non-amyloid
SDSNQG,0.017979631,non-amyloid
SDVIIE,0.5568855,amyloid
SELNIY,0.31455085,non-amyloid
SELPKV,0.0002652447,non-amyloid
SEMTVK,0.08629734,non-amyloid
SEVIIE,0.5320647,amyloid
SFFCII,0.105844505,non-amyloid
SFFFIQ,0.38829842,non-amyloid
SFLIFL,0.16047315,non-amyloid
SFQIYA,0.5043056,amyloid
SFVIIE,0.96007264,amyloid
SGAAIG,0.031229764,non-amyloid
SGDGSL,0.003903846,non-amyloid
SGDHCI,0.028335681,non-amyloid
SGFGNS,0.0072413213,non-amyloid
SGFHPS,0.000910642,non-amyloid
SGIKLA,0.022283265,non-amyloid
SGSGFN,0.042193998,non-amyloid
SGSNSG,0.013544063,non-amyloid
SGVIIE,0.6976969,amyloid
SGYQQG,0.00019385517,non-amyloid
SHLVEA,0.13410002,non-amyloid
SHVIIE,0.6438698,amyloid
SIDLTQ,0.0131272,non-amyloid
SIEDSV,0.07266445,non-amyloid
SINPAM,0.0020724416,non-amyloid
SIVIIE,0.88559854,amyloid
SKVIIE,0.3986933,non-amyloid
SLFLIG,0.3413138,non-amyloid
SLNDFQ,0.05234985,non-amyloid
SLSGDH,0.0020424032,non-amyloid
SLVIIE,0.91161764,amyloid
SLYQLE,0.06501441,non-amyloid
SMVIIE,0.84107107,amyloid
SMVLFS,0.85887086,amyloid
SNAGSG,0.0029568456,non-amyloid
SNGIVI,0.09847626,non-amyloid
SNMGGG,0.046980523,non-amyloid
SNNFGA,0.09378464,non-amyloid
SNNSNI,0.045312174,non-amyloid
SNQGNN,0.04319633,non-amyloid
SNQNNF,0.5819093,amyloid
SNSGAA,0.34836647,non-amyloid
SNTNNT,0.022546558,non-amyloid
SNVIIE,0.72210836,amyloid
SPVIIE,0.024802525,non-amyloid
SQAIIH,0.48685044,non-amyloid
SQFYIT,0.82864016,amyloid
SQGMSL,0.0022854223,non-amyloid
SQIVYK,0.6722633,amyloid
SQNGNQ,0.009226768,non-amyloid
SQQNQS,0.050024647,non-amyloid
SQVIIE,0.8891397,amyloid
SRHPAE,2.1212503e-05,non-amyloid
SRQNQS,0.009633488,non-amyloid
SRVIIE,0.12223091,non-amyloid
SSGIKL,0.0011895609,non-amyloid
SSIDLT,0.18830676,non-amyloid
SSNNFG,0.5611041,amyloid
SSNNNS,0.032569878,non-amyloid
SSQVTQ,0.21323502,non-amyloid
SSSGIK,0.046703972,non-amyloid
SSTNVG,0.28333288,non-amyloid
SSTSAA,0.9627314,amyloid
SSVIIE,0.78545296,amyloid
SSVNVT,0.40181583,non-amyloid
SSWGMM,0.051796686,non-amyloid
SSYSSY,0.26194683,non-amyloid
STADWE,0.014107145,non-amyloid
STAIIE,0.26134726,non-amyloid
STDIIE,0.051804647,non-amyloid
STEIIE,0.0887289,non-amyloid
STFIFE,0.77209455,amyloid
STFIIE,0.78362,amyloid
STFLIE,0.43613786,non-amyloid
STFTFE,0.4300073,non-amyloid
STFTIE,0.505844,amyloid
STGIIE,0.06258874,non-amyloid
STHIIE,0.16173224,non-amyloid
STIIIE,0.6582874,amyloid
STKIIE,0.012748945,non-amyloid
STLIFE,0.4065097,non-amyloid
STLIIE,0.5269682,amyloid
STLIYE,0.47500443,non-amyloid
STLLIE,0.22168553,non-amyloid
STLLYE,0.36498067,non-amyloid
STLTFE,0.16965082,non-amyloid
STLTIE,0.18751384,non-amyloid
STMIIE,0.38243708,non-amyloid
STMSIT,0.73688376,amyloid
STNIFE,0.19670846,non-amyloid
STNIIE,0.22652896,non-amyloid
STNIYE,0.04885345,non-amyloid
STNNTN,0.0048354045,non-amyloid
STNSNT,0.04536724,non-amyloid
STNTFE,0.09521966,non-amyloid
STNTIE,0.032926895,non-amyloid
STPIIE,0.0033934293,non-amyloid
STQIFE,0.10848073,non-amyloid
STQIIE,0.25136214,non-amyloid
STQIYE,0.042325806,non-amyloid
STRIIE,0.008769703,non-amyloid
STSIIE,0.34302583,non-amyloid
STTIIE,0.087253645,non-amyloid
STTVVT,0.009613992,non-amyloid
STVAIE,0.30072466,non-amyloid
STVDIE,0.14579123,non-amyloid
STVEIE,0.17493144,non-amyloid
STVFIE,0.5773117,amyloid
STVGIE,0.12919366,non-amyloid
STVHIE,0.047959875,non-amyloid
STVIAE,0.09400872,non-amyloid
STVIDE,0.012369871,non-amyloid
STVIEE,0.0244459,non-amyloid
STVIFE,0.5904931,amyloid
STVIGE,0.1778629,non-amyloid
STVIHE,0.038777374,non-amyloid
STVIIA,0.9145763,amyloid
STVIID,0.4758624,non-amyloid
STVIIE,0.72143614,amyloid
STVIIF,0.9926046,amyloid
STVIIG,0.7618263,amyloid
STVIIH,0.63730764,amyloid
STVIII,0.56311506,amyloid
STVIIK,0.45389724,non-amyloid
STVIIL,0.96146303,amyloid
STVIIM,0.81119454,amyloid
STVIIN,0.70957696,amyloid
STVIIP,0.12877569,non-amyloid
STVIIQ,0.8488725,amyloid
STVIIR,0.16690238,non-amyloid
STVIIS,0.859228,amyloid
STVIIT,0.65624017,amyloid
STVIIV,0.9443264,amyloid
STVIIW,0.95190686,amyloid
STVIIY,0.96927357,amyloid
STVIKE,0.0051851016,non-amyloid
STVIKT,0.011614209,non-amyloid
STVILE,0.3867142,non-amyloid
STVIME,0.3214851,non-amyloid
STVINE,0.03796606,non-amyloid
STVIPE,0.0031327698,non-amyloid
STVIQE,0.02855959,non-amyloid
STVIRE,0.0029327115,non-amyloid
STVISE,0.020385792,non-amyloid
STVITE,0.025739677,non-amyloid
STVIVE,0.27881283,non-amyloid
STVIWE,0.5088826,amyloid
STVIYE,0.41191548,non-amyloid
STVKIE,0.0669876,non-amyloid
STVLIE,0.38222817,non-amyloid
STVMIE,0.2902634,non-amyloid
STVNIE,0.40381145,non-amyloid
STVPIE,0.0050905896,non-amyloid
STVQIE,0.24702363,non-amyloid
STVRIE,0.016689438,non-amyloid
STVSIE,0.20388524,non-amyloid
STVTFE,0.31240547,non-amyloid
STVTIE,0.40095016,non-amyloid
STVVIE,0.30405864,non-amyloid
STVWIE,0.7096665,amyloid
STVYIE,0.5563958,amyloid
STWIFE,0.777296,amyloid
STWIIE,0.7741551,amyloid
STWIYE,0.65821946,amyloid
STWLIE,0.567057,amyloid
STWTFE,0.18690456,non-amyloid
STWTIE,0.16864069,non-amyloid
STYIIE,0.6114284,amyloid
SVISLS,0.4193476,non-amyloid
SVNLDV,0.3027461,non-amyloid
SVNVTQ,0.055299632,non-amyloid
SVSSSY,0.48138037,non-amyloid
SVVIIE,0.8996293,amyloid
SWGMMG,0.011979302,non-amyloid
SWVIIE,0.9605664,amyloid
SYLCDL,0.02845741,non-amyloid
SYLYDL,0.052722592,non-amyloid
SYNNNN,0.0025140783,non-amyloid
SYSGSN,0.017151354,non-amyloid
SYSTMS,0.62357444,amyloid
SYVIIE,0.95159775,amyloid
TAAHCF,0.010170028,non-amyloid
TAELIT,0.097694725,non-amyloid
TAMIIQ,0.8270372,amyloid
TAMLGT,0.8189457,amyloid
TASNSS,0.27367678,non-amyloid
TATVYV,0.9195724,amyloid
TAVHCF,0.17411725,non-amyloid
TAVTHR,0.5601477,amyloid
TAVTTG,0.06925261,non-amyloid
TAVVTN,0.22077653,non-amyloid
TAWYAE,0.022220928,non-amyloid
TCMLGT,0.931376,amyloid
TCVTHR,0.8727766,amyloid
TDETVI,0.016448986,non-amyloid
TEEKKE,0.0031242426,non-amyloid
TEFTPT,0.029416397,non-amyloid
TFQINS,0.42845348,non-amyloid
TFSINP,0.009158171,non-amyloid
TFWEIS,0.14513434,non-amyloid
TGELAT,0.30848226,non-amyloid
TGVTII,0.5720304,amyloid
TGVVVV,0.075435795,non-amyloid
TIITLE,0.63953626,amyloid
TIITVT,0.4332973,non-amyloid
TITQHG,0.02837083,non-amyloid
TKEPTR,0.0005041783,non-amyloid
TKKVDT,0.005954342,non-amyloid
TKPAES,8.3417806e-05,non-amyloid
TKVEEP,0.00411161,non-amyloid
TLDQWN,0.022982948,non-amyloid
TLKLVS,0.016510071,non-amyloid
TLKNYI,0.024694571,non-amyloid
TNELYM,0.051686842,non-amyloid
TNNNTN,0.00094204495,non-amyloid
TQHGGG,0.0007793364,non-amyloid
TQIVYK,0.77257246,amyloid
TQRGFG,0.00023126137,non-amyloid
TQVGFG,0.06381797,non-amyloid
TREPTK,0.00026060673,non-amyloid
TRNNTV,0.0068154223,non-amyloid
TTGVTI,0.00351808,non-amyloid
TTGVVV,0.07235498,non-amyloid
TTVIIE,0.6522811,amyloid
TTVVST,0.058018345,non-amyloid
TTVVTT,0.0049534803,non-amyloid
TVFHIG,0.09552357,non-amyloid
TVFPIG,0.009779626,non-amyloid
TVIVIR,0.068902254,non-amyloid
TVKQFG,0.010169496,non-amyloid
TVVSTT,0.048630062,non-amyloid
TYQIIR,0.08787816,non-amyloid
TYSFYC,0.2960146,non-amyloid
TYVEYI,0.81190795,amyloid
VAFNIT,0.87426966,amyloid
VAIVYK,0.97297126,amyloid
VAMHVF,0.3740668,non-amyloid
VANFIT,0.9490049,amyloid
VANNST,0.09205656,non-amyloid
VATTRT,0.13470535,non-amyloid
VATVYV,0.96954656,amyloid
VAVHVF,0.730258,amyloid
VAWLKM,0.018842392,non-amyloid
VCIVYK,0.9961738,amyloid
VDIVYK,0.92189586,amyloid
VDQTAS,0.031074317,non-amyloid
VDTKPA,0.007273443,non-amyloid
VEALYL,0.3941413,non-amyloid
VEDLKI,0.013827123,non-amyloid
VEEPVK,0.0057714675,non-amyloid
VEIVYK,0.92709297,amyloid
VFFFIG,0.60068786,amyloid
VFFINQ,0.5605702,amyloid
VFFNNT,0.75414765,amyloid
VFIVYK,0.9876249,amyloid
VGFGNN,0.08404452,non-amyloid
VGIVYK,0.943085,amyloid
VGQGSD,0.0057094735,non-amyloid
VHIVYK,0.9754646,amyloid
VHNNSN,0.07640086,non-amyloid
VIFTIM,0.9052116,amyloid
VIGIAQ,0.40779695,non-amyloid
VIIVYK,0.9831012,amyloid
VILLIS,0.7318829,amyloid
VISLSG,0.063168555,non-amyloid
VIVATT,0.47285444,non-amyloid
VIVIRT,0.088653415,non-amyloid
VIWIAQ,0.7732485,amyloid
VKAVAK,0.7203351,amyloid
VKIVYK,0.9495602,amyloid
VKKEEK,0.034667764,non-amyloid
VKQFGG,0.025637768,non-amyloid
VKWDRD,0.0057618907,non-amyloid
VLIVYK,0.99336505,amyloid
VLVEAQ,0.8820215,amyloid
VMIVYK,0.9864579,amyloid
VNIVYK,0.9819505,amyloid
VNNNNI,0.042295054,non-amyloid
VNNNNN,0.003933828,non-amyloid
VNQLYQ,0.4721626,non-amyloid
VNVTQV,0.8301727,amyloid
VNWCER,0.060518026,non-amyloid
VNWYER,0.015994838,non-amyloid
VPGIAQ,0.0032511004,non-amyloid
VPIVYK,0.16638204,non-amyloid
VPQYGG,0.00010128589,non-amyloid
VQAVYK,0.17461388,non-amyloid
VQCVYK,0.92064846,amyloid
VQDVYK,0.03267694,non-amyloid
VQEVYK,0.048519153,non-amyloid
VQFLQS,0.6687976,amyloid
VQFVYK,0.9629856,amyloid
VQGVYK,0.08955875,non-amyloid
VQHVYK,0.08083248,non-amyloid
VQIAYK,0.6551839,amyloid
VQICYK,0.97463936,amyloid
VQIDYK,0.6757761,amyloid
VQIEYK,0.6514228,amyloid
VQIFYK,0.97573334,amyloid
VQIGYK,0.42203993,non-amyloid
VQIHYK,0.5413322,amyloid
VQIINK,0.9273734,amyloid
VQIIYK,0.988986,amyloid
VQIKYK,0.88027406,amyloid
VQILYK,0.9812579,amyloid
VQIMYK,0.9744408,amyloid
VQINYK,0.9523756,amyloid
VQIPYK,0.04372787,non-amyloid
VQIQYK,0.827771,amyloid
VQIRYK,0.6360208,amyloid
VQISYK,0.8869597,amyloid
VQITYK,0.93792886,amyloid
VQIVAK,0.9143904,amyloid
VQIVCK,0.96212876,amyloid
VQIVDK,0.8551464,amyloid
VQIVEK,0.73666257,amyloid
VQIVFK,0.98257405,amyloid
VQIVGK,0.97355723,amyloid
VQIVHK,0.8876997,amyloid
VQIVIK,0.9860951,amyloid
VQIVKK,0.66848665,amyloid
VQIVLK,0.98373634,amyloid
VQIVMK,0.95721084,amyloid
VQIVNK,0.88315165,amyloid
VQIVPK,0.755951,amyloid
VQIVQK,0.8885441,amyloid
VQIVRK,0.6254985,amyloid
VQIVSK,0.9067192,amyloid
VQIVTK,0.8277153,amyloid
VQIVVK,0.96588933,amyloid
VQIVWK,0.982524,amyloid
VQIVYA,0.992496,amyloid
VQIVYC,0.995845,amyloid
VQIVYD,0.9760426,amyloid
VQIVYE,0.969958,amyloid
VQIVYF,0.99895906,amyloid
VQIVYG,0.97277373,amyloid
VQIVYH,0.9857999,amyloid
VQIVYI,0.99678874,amyloid
VQIVYK,0.96561587,amyloid
VQIVYL,0.99737155,amyloid
VQIVYM,0.99494827,amyloid
VQIVYN,0.988734,amyloid
VQIVYP,0.8923974,amyloid
VQIVYQ,0.9801429,amyloid
VQIVYR,0.91697097,amyloid
VQIVYS,0.99054295,amyloid
VQIVYT,0.9835345,amyloid
VQIVYV,0.99607193,amyloid
VQIVYW,0.99344856,amyloid
VQIVYY,0.9966882,amyloid
VQIWYK,0.9436374,amyloid
VQIYYK,0.9326692,amyloid
VQKVYK,0.044072457,non-amyloid
VQLVYK,0.95842695,amyloid
VQMVYK,0.8475018,amyloid
VQNVYK,0.25715122,non-amyloid
VQPVYK,0.009928817,non-amyloid
VQQVYK,0.13429567,non-amyloid
VQRVYK,0.07163964,non-amyloid
VQSVYK,0.26825127,non-amyloid
VQTEEK,0.08760039,non-amyloid
VQTVYK,0.44298667,non-amyloid
VQVVYK,0.9371544,amyloid
VQWVYK,0.8532221,amyloid
VQYVYK,0.6270636,amyloid
VRIVYK,0.86765593,amyloid
VSFEIV,0.9485288,amyloid
VSFLSA,0.6839333,amyloid
VSIEDS,0.20233849,non-amyloid
VSIVYK,0.9641975,amyloid
VSNLSN,0.12920472,non-amyloid
VSSSGI,0.23585364,non-amyloid
VSTTVV,0.822529,amyloid
VTFTIQ,0.9468,amyloid
VTIITV,0.63582635,amyloid
VTIVYK,0.93900925,amyloid
VTKVAK,0.22394198,non-amyloid
VTLHAT,0.5917974,amyloid
VTLSQP,0.14391078,non-amyloid
VTLWWG,0.9565647,amyloid
VTQEFW,0.27097085,non-amyloid
VTQVGF,0.63404,amyloid
VTSTFS,0.8600357,amyloid
VTTGVT,0.10672882,non-amyloid
VTTGVV,0.17620495,non-amyloid
VTTVVS,0.53617066,amyloid
VTVIIE,0.9752143,amyloid
VTVQAT,0.7279787,amyloid
VVFFIC,0.88055927,amyloid
VVIVYK,0.9708817,amyloid
VVPQYG,0.0036727497,non-amyloid
VVSTTV,0.55328995,amyloid
VVTSEE,0.07020949,non-amyloid
VVVTSE,0.22931843,non-amyloid
VVVVTS,0.2156812,non-amyloid
VWIVYK,0.98445743,amyloid
VYIMIG,0.9705239,amyloid
VYIVYK,0.98749846,amyloid
VYSCEW,0.15512714,non-amyloid
VYSRHP,0.009379369,non-amyloid
VYSWEW,0.06418015,non-amyloid
WATVYV,0.9697142,amyloid
WGMMGM,0.2484702,non-amyloid
WGSASN,0.010578796,non-amyloid
WIVIFF,0.9645373,amyloid
WNFGTQ,0.07985914,non-amyloid
WNFSTQ,0.2670666,non-amyloid
WPNGIT,0.022658844,non-amyloid
WPNVIT,0.36244822,non-amyloid
WQIVYK,0.908631,amyloid
WSFYLL,0.47781834,non-amyloid
WTFNLY,0.9224327,amyloid
WTVIIE,0.9062363,amyloid
WTVNYS,0.8878841,amyloid
WVENYP,0.050347783,non-amyloid
WVFWIG,0.8949737,amyloid
WYFYIQ,0.8123808,amyloid
YAELIV,0.7754542,amyloid
YASEIE,0.17171663,non-amyloid
YASNNN,0.11617903,non-amyloid
YATVYV,0.93252075,amyloid
YGGGGN,0.025961163,non-amyloid
YGGGNS,0.04297818,non-amyloid
YGQQNQ,0.018655311,non-amyloid
YGQQQS,0.010197507,non-amyloid
YGQQSY,0.036730938,non-amyloid
YGQSSY,0.039449144,non-amyloid
YHLAMA,0.86994636,amyloid
YIFNNC,0.6918301,amyloid
YIFNNM,0.28685617,non-amyloid
YKNFNY,0.04112599,non-amyloid
YLEIII,0.21072973,non-amyloid
YLFLQY,0.6765728,amyloid
YLGNNS,0.1054958,non-amyloid
YLLWYC,0.9512126,amyloid
YLLYYT,0.9061022,amyloid
YLNWYQ,0.4828495,non-amyloid
YLVLIM,0.31727922,non-amyloid
YLVNFT,0.921425,amyloid
YNAQAQ,0.0052938135,non-amyloid
YNNNLQ,0.28001264,non-amyloid
YNNTGS,0.035236225,non-amyloid
YNNYNN,0.0022800157,non-amyloid
YNPDAG,0.001820066,non-amyloid
YNPQGG,0.0005653533,non-amyloid
YQAGFQ,0.036092434,non-amyloid
YQAYNA,0.009146037,non-amyloid
YQGYQA,0.0037230027,non-amyloid
YQGYSG,0.0011414308,non-amyloid
YQIVYK,0.93204737,amyloid
YQLENY,0.47970468,non-amyloid
YQLIWQ,0.89274055,amyloid
YQNYQG,0.0044960915,non-amyloid
YQQGGY,0.019907737,non-amyloid
YQQQFN,0.15255493,non-amyloid
YQQQYN,0.015183807,non-amyloid
YQQYNP,0.0012444699,non-amyloid
YQQYSQ,0.0056289225,non-amyloid
YQYGGG,0.01789643,non-amyloid
YSGSNS,0.08437522,non-amyloid
YSGYQQ,0.0015274617,non-amyloid
YSQNGN,0.07483443,non-amyloid
YTFTIS,0.81907856,amyloid
YTNISN,0.03145588,non-amyloid
YTVIIE,0.93740517,amyloid
YVEYIG,0.39044812,non-amyloid
YVSGFH,0.35735765,non-amyloid
YYNYNN,0.003829068,non-amyloid
YYQNYQ,0.049179904,non-amyloid
YYTEFT,0.34990975,non-amyloid
AEVSIVV,0.8976141,amyloid
AIAAIVF,0.98055905,amyloid
ANQNNFV,0.37806082,non-amyloid
ATKHKIP,0.00088047876,non-amyloid
CQVNIGN,0.9707037,amyloid
DAQAIAL,0.07521026,non-amyloid
DFVIFLD,0.8488359,amyloid
EFQEICA,0.13032436,non-amyloid
FNGLIVV,0.9115675,amyloid
GILNIVV,0.98354316,amyloid
GLINIAT,0.9104612,amyloid
GLSAPVD,0.005627076,non-amyloid
GNNQQNY,0.049481496,non-amyloid
GQVIWVN,0.976459,amyloid
GTYSFYT,0.6454288,amyloid
GVVAIGC,0.94890344,amyloid
IFKINVK,0.11632108,non-amyloid
IIHFGSD,0.37605527,non-amyloid
KLVFFAE,0.67354304,amyloid
KLVFFAK,0.5602772,amyloid
KMVLYTL,0.8837257,amyloid
KNFNYNI,0.57807523,amyloid
KNNQKNY,0.044732798,non-amyloid
LASLIYR,0.13804643,non-amyloid
LKQALKL,0.014453265,non-amyloid
LVEALYL,0.27325797,non-amyloid
MIHFGND,0.20068794,non-amyloid
MMHFGND,0.14169164,non-amyloid
MPEEELL,0.0016968456,non-amyloid
NAPGETY,0.0005316173,non-amyloid
NFLVHSS,0.8626263,amyloid
NHVTLSQ,0.6656107,amyloid
NLSLFDQ,0.089157686,non-amyloid
QKLVFFA,0.7102627,amyloid
QQEVINK,0.27491522,non-amyloid
RLVFFAK,0.22878426,non-amyloid
RLVFFAR,0.051162016,non-amyloid
SLLNIVV,0.93983054,amyloid
TAFTILA,0.9482848,amyloid
TEAEMKA,0.022667008,non-amyloid
TGVTAVA,0.94379896,amyloid
TLSIYQY,0.43885818,non-amyloid
TVIAFLA,0.9716703,amyloid
VGDIVIF,0.9643141,amyloid
VKTGVTK,0.10448983,non-amyloid
VQIVYKK,0.95719,amyloid
VQQNYQA,0.020372171,non-amyloid
VVKGVTK,0.21955183,non-amyloid
VVTGVTA,0.15530625,non-amyloid
YGNLISL,0.63264805,amyloid
AFGAILSS,0.58612216,amyloid
AGAAAAGA,0.00032159378,non-amyloid
ANYCNFV,0.75852066,amyloid
CQVNIGNR,0.8683884,amyloid
DAAKYSEV,0.01579134,non-amyloid
DLSFMKGE,0.014702273,non-amyloid
FLIFLIVG,0.86422426,amyloid
FQVNIGNR,0.8011691,amyloid
GETYVVTL,0.52733564,amyloid
GKVQIVYK,0.837114,amyloid
GQVEVSKE,0.5055815,amyloid
IQVNIGNR,0.8423789,amyloid
KGAIIGLM,0.8820267,amyloid
KGGIIGLM,0.78315496,amyloid
KGIIIGLM,0.9145708,amyloid
KIVFKNNA,0.114227355,non-amyloid
KKGHHEAE,0.012795758,non-amyloid
LAIEATPA,0.20646064,non-amyloid
LEVLLGSG,0.38337877,non-amyloid
LQVNIGNR,0.63424265,amyloid
MQVNIGNR,0.7563116,amyloid
MVGKVTVN,0.7078969,amyloid
NAGDVAFV,0.6321639,amyloid
NFAAILSS,0.62290287,amyloid
NFGAALSS,0.027494026,non-amyloid
NFGAIASS,0.64043695,amyloid
NFGAILSS,0.6871285,amyloid
NFGSVQFV,0.90068525,amyloid
PKIKAFLA,0.0328277,non-amyloid
SELNIYQY,0.5360764,amyloid
SNNFGAIL,0.30197835,non-amyloid
SNTFINNA,0.42367786,non-amyloid
TNVGSNTY,0.32846475,non-amyloid
VQVNIGNR,0.864172,amyloid
YHIRLSFN,0.3014964,non-amyloid
ATQRLANFL,0.026696438,non-amyloid
HQKLVFFAE,0.033843603,non-amyloid
KKKVQIVYK,0.19864547,non-amyloid
KKLPFFAED,0.0010400886,non-amyloid
KKLVFFAED,0.27946025,non-amyloid
KKLVFFPED,0.06346423,non-amyloid
KKLVFPAED,0.039447088,non-amyloid
KKLVPFAED,0.073719434,non-amyloid
KKPVFFAED,0.053444806,non-amyloid
LATVYVDVL,0.9400333,amyloid
LVEALYLVC,0.59638447,amyloid
NAKAGLSQT,0.04648624,non-amyloid
NFLVHSSNN,0.9065462,amyloid
PAGGYYQNY,0.01643189,non-amyloid
PQGGYQQYN,0.0043334067,non-amyloid
PSKARIIRY,0.005539216,non-amyloid
QQGGYQQYN,0.039823595,non-amyloid
QRLANFLVH,0.2857113,non-amyloid
QTAPVPMPD,0.0020129508,non-amyloid
RQGNINIVA,0.795593,amyloid
SLYQLENYC,0.59502435,amyloid
VDLSKVTSK,0.029704563,non-amyloid
VGGAVVTGV,0.6194318,amyloid
VTLDTKGTY,0.16476496,non-amyloid
AAAGAVVGGL,0.118562676,non-amyloid
ADAVACAKRV,0.20565154,non-amyloid
AESDKKEEEK,0.025475314,non-amyloid
AFASFQIYAV,0.9427572,amyloid
AGYQQQYNPQ,0.0015942667,non-amyloid
ATKKVGTKPA,0.13358586,non-amyloid
CAKRVVRDPQ,0.0032477477,non-amyloid
CLAKWESGYN,0.2182667,non-amyloid
CNDGKTPGAV,0.02249799,non-amyloid
CPLMVKVLDA,0.3641834,non-amyloid
DIQKVAGTWY,0.22035559,non-amyloid
DKKEEEKSAE,0.04525097,non-amyloid
DLLKNGERIE,0.047818072,non-amyloid
DLSFSKDWSF,0.018545609,non-amyloid
DVKVGDIVIF,0.72017765,amyloid
DVRQYVQGCG,0.056245357,non-amyloid
EDRYYRENMH,0.0011059154,non-amyloid
EEEKSAETKE,0.078249305,non-amyloid
EEKPVQTEEK,0.0082495855,non-amyloid
EEPVKKEEKP,0.00020727329,non-amyloid
EKSELPKVED,0.016240403,non-amyloid
ELKPLAQSHA,0.0030983123,non-amyloid
ELLNAPGETY,0.027124358,non-amyloid
ELPKVEDLKI,0.0135337785,non-amyloid
ENFTETDVKM,0.03840643,non-amyloid
EPTKEPTKVE,0.008647095,non-amyloid
EQMCITQYER,0.71787196,amyloid
ESGYNTRATN,0.0043748785,non-amyloid
ESQAYYQRGS,0.0025867415,non-amyloid
ETKEPTKEPT,0.013025222,non-amyloid
FGSDYEDRYY,0.05095561,non-amyloid
GERIEKVEHS,0.042538863,non-amyloid
GGKDWWKVGG,0.37454027,non-amyloid
GGYMLGSAMS,0.783588,amyloid
GGYYQNYQGY,0.07547518,non-amyloid
GIFQINSRYW,0.5586308,amyloid
GIKLANATKK,0.062380522,non-amyloid
GIRAWVAWRN,0.060383454,non-amyloid
GNNQQNYQQY,0.087824546,non-amyloid
GSAMSRPIIH,0.02286072,non-amyloid
GTDFKYKGKL,0.033143707,non-amyloid
GYLTVAAVFR,0.8358311,amyloid
HMAGAAAAGA,0.007996872,non-amyloid
HPAENGKSNF,0.010818204,non-amyloid
HSQWNKPSKP,0.0077433675,non-amyloid
ILLISFLIFL,0.421,non-amyloid
IVAGVNYFLD,0.921678,amyloid
KDWSFYLLYY,0.8286382,amyloid
KEPTKVEEPV,0.0029765689,non-amyloid
KLVSSSGIKL,0.25563124,non-amyloid
KNNAGFPHNV,0.012269843,non-amyloid
KPKKTLKLVS,0.104228824,non-amyloid
KPSKPKTNMK,0.05811452,non-amyloid
KSAETKEPTK,0.034756735,non-amyloid
KTEEKSELPK,0.019535502,non-amyloid
KTLKLVSSSG,0.17373468,non-amyloid
KTNMKHMAGA,0.034020852,non-amyloid
KVEHSDLSFS,0.051411066,non-amyloid
KVGTKPAESD,0.010799701,non-amyloid
KYLLFCMENS,0.7983654,amyloid
LANATKKVGT,0.020082725,non-amyloid
LANWMCLAKW,0.75794023,amyloid
LGMDGYRGIS,0.085565716,non-amyloid
LNCYVSGFHP,0.42843565,non-amyloid
LQDNIADAVA,0.14581381,non-amyloid
MDEYSNQNNF,0.11141663,non-amyloid
MERVVEQMCI,0.6087693,amyloid
NACHLSCSAL,0.25311428,non-amyloid
NDFQKQQKQA,0.01837307,non-amyloid
NFNYNNNLQG,0.047286667,non-amyloid
NHVTLSQPKI,0.54128563,amyloid
NITIKQHTVT,0.3922288,non-amyloid
NLQGYQAGFQ,0.009076096,non-amyloid
NQNNFVHDCV,0.83006406,amyloid
NSRYWCNDGK,0.05192693,non-amyloid
PDAGYQQQYN,0.0028012544,non-amyloid
PGGGKVYKPV,0.00269852,non-amyloid
PQGGRGNYKN,0.0029803566,non-amyloid
PQGGYQQQFN,0.007910738,non-amyloid
PVQTEEKTEE,0.016479502,non-amyloid
QGGGTHSQWN,0.017653624,non-amyloid
QGGYQQYNPQ,0.001290668,non-amyloid
QHTVTTTTKG,0.23549028,non-amyloid
QQQYNPQGGY,0.0029189913,non-amyloid
QVYSRHPAEN,0.0079029985,non-amyloid
RCELARTLKR,0.013570924,non-amyloid
RCQNRDVRQY,0.016030803,non-amyloid
RENMHRYPNQ,0.0015909162,non-amyloid
RLANFLVHSS,0.31712583,non-amyloid
RSTDYGIFQI,0.12604374,non-amyloid
RTLKRLGMDG,0.0049105245,non-amyloid
RTPKIQVYSR,0.031872597,non-amyloid
RYPNQVYYRP,0.0006381533,non-amyloid
RYQGYQAYNA,0.0154301515,non-amyloid
SCSALLQDNI,0.48590106,non-amyloid
SDIEVDLLKN,0.2037866,non-amyloid
SEFSVPSGEK,0.027651705,non-amyloid
SGFHPSDIEV,0.07387556,non-amyloid
SLVFVPSEFS,0.6796064,amyloid
SMVLFSSPPV,0.48963115,non-amyloid
SNNFGAILSS,0.2504012,non-amyloid
SSPPVILLIS,0.09272476,non-amyloid
SSSGIKLANA,0.3384857,non-amyloid
SSTSAASSNY,0.7468363,amyloid
TDVKMMERVV,0.4289388,non-amyloid
TEEKTEEKSE,0.016083818,non-amyloid
TEFTPTEKDE,0.11032097,non-amyloid
TEKDEYACRV,0.06435819,non-amyloid
TKPAESDKKE,0.0025757218,non-amyloid
TKVEEPVKKE,0.010496379,non-amyloid
TPGAVNACHL,0.17248818,non-amyloid
TQYERESQAY,0.014764181,non-amyloid
TRATNYNAGD,0.040649604,non-amyloid
TTTKGENFTE,0.20974113,non-amyloid
VAWRNRCQNR,0.033145502,non-amyloid
VHDCVNITIK,0.8646141,amyloid
VKKEEKPVQT,0.15297438,non-amyloid
VRDPQGIRAW,0.0011205752,non-amyloid
VVGGLGGYML,0.87559,amyloid
VYYRPMDEYS,0.0152161755,non-amyloid
YACRVNHVTL,0.5168254,amyloid
YLLYYTEFTP,0.63463503,amyloid
YNAGDRSTDY,0.0074806698,non-amyloid
YNNNLQGYQA,0.1619669,non-amyloid
YNPQGGYQQQ,0.0012772408,non-amyloid
YNPQGGYQQY,0.0018173006,non-amyloid
YQNYQGYSGY,0.02019136,non-amyloid
YQQGGYQQYN,0.016585695,non-amyloid
YQQYNPQGGY,0.0019609793,non-amyloid
YQRGSSMVLF,0.18496801,non-amyloid
YRGISLANWM,0.020955993,non-amyloid
YSGYQQGGYQ,0.0039614006,non-amyloid
YSQNGNQQQG,0.038054693,non-amyloid
AIIGLMVGGVV,0.84762746,amyloid
CATQRLANFLV,0.11182719,non-amyloid
CPLMVKVLDAV,0.44525522,non-amyloid
FSMLVAAIQSA,0.86145073,amyloid
GAVVTGVTAVA,0.68142927,amyloid
GYANNFLFKQG,0.066028014,non-amyloid
HHQKLVFFAED,0.18492864,non-amyloid
ILLISFLFIFL,0.28924173,non-amyloid
KRNNFKSAEDS,0.18232682,non-amyloid
MKVIFLKDVKG,0.95854187,amyloid
MSTYTGIFTDQ,0.10040126,non-amyloid
RTVKKNIIEEN,0.108873665,non-amyloid
SFFSFLGEAFD,0.43176958,non-amyloid
SFNNGDCFILD,0.13775991,non-amyloid
SFNNGNCFILD,0.19679804,non-amyloid
SFNNGYCFILD,0.1922172,non-amyloid
VALRIQNVRFS,0.29702753,non-amyloid
VTGVTAVQKTV,0.09625766,non-amyloid
VVLDDKDYFLF,0.26772675,non-amyloid
YTIAALLSPYS,0.4631403,non-amyloid
YTSPHQGAGMV,0.004204565,non-amyloid
AASIKVAVSADR,0.033096526,non-amyloid
DISTKYFQMSLE,0.035933968,non-amyloid
FHPSDIEVDLLK,0.0053224494,non-amyloid
GAVVYSGSLYFQ,0.94342947,amyloid
GQQQQQQQQQQG,0.0042382376,non-amyloid
IPAGVDAVKISM,0.036500767,non-amyloid
KFFEAAAKKFFE,0.06444017,non-amyloid
KGKKGEIKNVAD,0.6099135,amyloid
KIVFKNNAGFPH,0.023813086,non-amyloid
LKNVKSKIGSTE,0.011963532,non-amyloid
LSNIDYILIKAS,0.10284227,non-amyloid
NFGAILSSTNVG,0.8715485,amyloid
PLLSAYVARLSA,0.025899636,non-amyloid
SAKVDAIGLEIV,0.15529089,non-amyloid
SLVCQCLVRTPW,0.26840094,non-amyloid
VILQQSAADIAR,0.053326372,non-amyloid
VTGVTAVAQKTV,0.15256998,non-amyloid
VTVKVDAVKVTV,0.50743484,amyloid
VTVKVEAVKVTV,0.5909448,amyloid
VTVKVNAVKVTV,0.56491506,amyloid
WQQVLNVWGKVE,0.7146951,amyloid
ARIIRYFYNAKAG,0.06372512,non-amyloid
ATQRLANFLVHSS,0.13099474,non-amyloid
DWSFYLLYYTEFT,0.30096197,non-amyloid
DYFLFRDGDILGK,0.28445384,non-amyloid
EDVAVYYCHQYYS,0.5942948,amyloid
EQVTNVGGAVVTG,0.21676722,non-amyloid
ISKLEYSNFSVRY,0.106091596,non-amyloid
KLKLKLELELELG,0.030353652,non-amyloid
LDNWDSVTSTFSK,0.021175541,non-amyloid
LGVVGSTTTQLYT,0.72399217,amyloid
LSQPKIVKWDRDM,0.0016472294,non-amyloid
NGKSNFLNCYVSG,0.24782433,non-amyloid
NHAIVQTLVNSVN,0.7486692,amyloid
PGGGKNAEVYKPV,0.0029565135,non-amyloid
PGGGKVQIVEKPV,0.010218358,non-amyloid
PGGGKVQIVYKPV,0.008909279,non-amyloid
PHNVVFDEDDEIP,0.025761422,non-amyloid
VHHQKLVFFAEDV,0.15771861,non-amyloid
AAFHRWSSYMVHWK,0.025035715,non-amyloid
AEAHRWSSYMVHWK,0.0033886558,non-amyloid
AEFARWSSYMVHWK,0.021621779,non-amyloid
AEFHRWSAYMVHWK,0.02231156,non-amyloid
AEFHRWSSAMVHWK,0.019025875,non-amyloid
AEFHRWSSYMVHWA,0.039399147,non-amyloid
AEFHRWSSYMVHWK,0.026775414,non-amyloid
AEFHRWSSYMVYWK,0.055846583,non-amyloid
AVVGGLGGYMLGSA,0.5992439,amyloid
DCVNITIKQHTVTT,0.90833175,amyloid
DFVIFLDVKHFSPE,0.39841354,non-amyloid
DNNNSANYQVSTSK,0.062651515,non-amyloid
FKSAEDSMRTSGGA,0.0010371093,non-amyloid
LVEVGGDVQLDSVR,0.3668837,non-amyloid
MKHMAGAAAAGAVV,0.034139555,non-amyloid
RVEKVAILGLMVLA,0.550723,amyloid
SFFSFLGEAFDGAR,0.089795105,non-amyloid
VEAKFINYVKNCFR,0.5299597,amyloid
VGDIVIFNDGYGVK,0.64303875,amyloid
VNITIKQHTVTTTT,0.845001,amyloid
AGAAAAGAVVGGLGG,0.029710883,non-amyloid
EDGVDALNKLQAGGY,0.0014636429,non-amyloid
EPSEQFIKQHDFSSY,0.0060244245,non-amyloid
EVEDYFEEAIRAGLH,0.020862572,non-amyloid
EVHHQKLVFFAEDVG,0.02291703,non-amyloid
EYSAMRDQYMRTGEG,0.0014878368,non-amyloid
FNNGDCFILDLGNNI,0.26626837,non-amyloid
FNNGNCFILDLGNNI,0.34564552,non-amyloid
FNNGYCFILDLGNNI,0.45915633,non-amyloid
HPETLEKFDRFKHLK,0.00042780756,non-amyloid
LEVLLGSGDGSLVFV,0.9314865,amyloid
MLSNTTAIAEAWARL,0.008434697,non-amyloid
PEDKVNSMKSWLSKV,0.0074152458,non-amyloid
PTGKDEYACRVNHVT,0.0119030485,non-amyloid
RFRAVTSAYYRGAVG,0.0022207354,non-amyloid
RPDFSLEPPYTGPSK,4.2196723e-05,non-amyloid
RSFFSFLGEAFDGAR,0.011505275,non-amyloid
VHHPKLVFFAEDVGS,0.019133423,non-amyloid
VHHQKLVFFAEDVGS,0.09280243,non-amyloid
VHHQKLVPFAEDVGS,0.008804315,non-amyloid
VHHQPLVFFAEDVGS,0.18373257,non-amyloid
VHPQKLVFFAEDVGS,0.019771142,non-amyloid
VPHQKLVFFAEDVGS,0.030729076,non-amyloid
YKMTQTELATKAGVK,0.045998406,non-amyloid
AKNVDYCKEWLVNHIK,0.033724688,non-amyloid
AVVGGLGGYMLGSAMS,0.81315935,amyloid
DCVNITIKQHTVTTTT,0.80792695,amyloid
DVAGHGQDILIRLFKS,0.40008628,non-amyloid
DWWKVEVNDRQGFVPA,0.053152867,non-amyloid
DYFLFRDGDILGKYVD,0.8270957,amyloid
GEWTYDDATKTFTVTE,0.21951477,non-amyloid
GSNKGAAIGLMVGGVV,0.48556384,non-amyloid
GSNKGAIIGLMVAGVV,0.35286814,non-amyloid
GSNKGAIIGLMVGGVV,0.37827075,non-amyloid
GSTDYGILQINSRWWC,0.15852676,non-amyloid
GSTDYGILQINSRWWS,0.1526892,non-amyloid
GSTDYGTLQINSRWWS,0.46331534,non-amyloid
IQRTPKIQVYSRHPAE,0.20031807,non-amyloid
LSQTFVYGGSRAKRNN,0.5272637,amyloid
LVEVGGDVQLDSVRIF,0.8484815,amyloid
MDGLELLKTIRADSAY,0.0738404,non-amyloid
MSSYAFFVQTCREEHK,0.5187417,amyloid
QGVSFRMYTEDEARKI,0.30878907,non-amyloid
VHHQEKLVFFAEDPGS,0.21687688,non-amyloid
VHHQEKLVFFAEDVPS,0.29593098,non-amyloid
VHHQEKLVFFAEPVGS,0.29570898,non-amyloid
VHHQEKLVFFAPDVGS,0.2965263,non-amyloid
VNGMELSKQILQENPH,0.109753236,non-amyloid
VTNVGGAVVTGVTAVA,0.5977132,amyloid
YKQQSIQLIEAGVTKR,0.4397704,non-amyloid
AKKENIIAAAQAGASGY,0.22826152,non-amyloid
AVSVEEGKALAEEEGLF,0.11463942,non-amyloid
DIKIMERVVEQMCTTQY,0.6801193,amyloid
GSPSSRIDRTNFSNEKT,0.19070685,non-amyloid
MQTLSERLKKRRIALKY,0.14813942,non-amyloid
RLLIVVVVVVLVVVVIV,0.8380957,amyloid
RLVEVGGDVQLDSVRIF,0.8041767,amyloid
STAQSLKSVDYEVFGRV,0.37360469,non-amyloid
TKRPRFLYEIAMALNSD,0.15842003,non-amyloid
TPANLKALEAQKQKEQR,0.24058472,non-amyloid
VANAFIICGTLYTVSSY,0.9246509,amyloid
YDYQEKSPREVTMKKGD,0.08402836,non-amyloid
YEVHHQKLVFFAEDVGS,0.734674,amyloid
AGAVVGGLGGYMLGSAMS,0.4908165,non-amyloid
AVGKSNLLSRYARNEFSA,0.04798306,non-amyloid
AYVKKLDSGTGKELVLAL,0.5330595,amyloid
DFVIFLDVKHFSPEDLTV,0.19336346,non-amyloid
EESEFEPFIEEISTKISY,0.60285294,amyloid
EQVTNVGGAVVTGVTAVA,0.72635067,amyloid
FSMLVAAIQSAGLTETLN,0.80733943,amyloid
FVIFLDVKHFSPEDLTVK,0.16216344,non-amyloid
FVNVEAVKAFLEAHGIAY,0.18008839,non-amyloid
FVNVQAVKVFLESQGIAY,0.32622147,non-amyloid
GNLPFLGTAGVAGEFPTA,0.38550213,non-amyloid
GSTTTQLYTDCTEKLRPE,0.41996086,non-amyloid
GSTTTQLYTDRTEKLRPE,0.28630763,non-amyloid
GVGKSALTIQLIQNHFVY,0.3591308,non-amyloid
GWEIPEPYVWDESFRVFY,0.35107085,non-amyloid
IKYLEFISQAIIHVLHSR,0.66993755,amyloid
KFVIFLDVKHFSPEDLTV,0.21918833,non-amyloid
MPEEELLNAPGETYVVTL,0.22252344,non-amyloid
NGERIEKVEHSDLSFSKD,0.32981914,non-amyloid
PVTQEFWDNLEKETEGLR,0.08149654,non-amyloid
RGGRLCYCRRRFCVCVGR,0.31587142,non-amyloid
TAAMSTYTGIFTDQVLSV,0.60311085,amyloid
TCFFRDHSYQEEAAVELK,0.5560319,amyloid
TVNGVGEVTATAVQGVAV,0.5988363,amyloid
TYKLINGKTLKGETTTEA,0.49617353,non-amyloid
VTSKCGSLGNIHHKPGGG,0.5990839,amyloid
ARTVESRQAQDLARSYGIP,0.083883174,non-amyloid
DDQQQQQQQQQQQQQQQKK,0.40466097,non-amyloid
DFSTMRRIVRNLLKELGYN,0.42126828,non-amyloid
EVVPHKKMHKDFLEKIGGL,0.22672333,non-amyloid
GDGKWMRDFEQRMNGYGSV,0.5807711,amyloid
GLWVIYSTDEAKGAIVLSK,0.92978925,amyloid
GYEVHHQKLVFFAEDVGSN,0.71374935,amyloid
NLKHQPGGGKVQIVYKEVD,0.26961467,non-amyloid
RQGVEDAFYTLVREIRQHK,0.079315975,non-amyloid
STNVKTAFEMVILDIYNNV,0.4281917,non-amyloid
VLSEGEWQLVLHVWAKVEA,0.5258803,amyloid
AMALNCDPVWLQYGTKRGKA,0.059523173,non-amyloid
DHPAVMEGTKTILETDSNLS,0.24462412,non-amyloid
DILTLLNSTNKDWWKVEVND,0.75712043,amyloid
DWSFYLLYYTEFTPTGKDEY,0.43563583,non-amyloid
EPDEAEQDSIEFGKKIANIY,0.27160513,non-amyloid
EQVTNVGGAVVTGVTAVAQK,0.79269373,amyloid
GDAATAEKVFKQYANDNGVD,0.04859883,non-amyloid
GEKIVFKNNAGFPHNVVFDE,0.042558983,non-amyloid
GVVGWVKNTSKGTVTGQVQG,0.2796324,non-amyloid
KETAAAKFERQHMDSSTSAA,0.585829,amyloid
MAIVGTIIKIIKAIIDIFAK,0.29249898,non-amyloid
NFLNCYVSGFHPSDIEVDLL,0.43241468,non-amyloid
PGGGSVQIVYKPVDLSKVTS,0.1837944,non-amyloid
QISFADYNLLDLLRIHQVLN,0.5429682,amyloid
SEDLKKHGVTVLTALGAILK,0.22546563,non-amyloid
SEVVFNSKEQGSWGREERGP,0.78315496,amyloid
TESKEKITQYIYHVLNGEIL,0.4693706,non-amyloid
WNFAGIEAAASAIQGNVTSI,0.7925194,amyloid
DWSFYLLYYTEFTPTGKDEYA,0.3506666,non-amyloid
GEYTVDVADKGYTLNIKFAGD,0.7001711,amyloid
GYMLGSAMSRPIIHFGSDYED,0.677564,amyloid
KTNMKHMAGAAAAGAVVGGLG,0.07403366,non-amyloid
MGIIAGIIKFIKGLIEKFTGK,0.25446665,non-amyloid
MGIIAGIIKVIKSLIEQFTGK,0.27216226,non-amyloid
PFTAATLEEKLNKIFEKLGMY,0.42043757,non-amyloid
QTAPVPMPDLKNVKSKIGSTE,0.17198174,non-amyloid
SGYEVHHQKLVFFAEDVGSNK,0.7158928,amyloid
STAAMSTYTGIFTDQVLSVLK,0.82660735,amyloid
TNVKHVAGAAAAGAVVGGLGG,0.46179026,non-amyloid
TRRTTFESVGRWLDELKIHSD,0.09640227,non-amyloid
VTIKANLIFANGFTQTAEFKG,0.7729082,amyloid
YEQLDEEHKKIFKGIFDCIRD,0.14590128,non-amyloid
DAALHFNPRLDTSEVVFNSKEQ,0.16212998,non-amyloid
DDNNQQNYQQYSQNGNQQQGKK,0.18509245,non-amyloid
ELEAQVINTFDGVADYLQTYHK,0.17255196,non-amyloid
ELSAQVINTFDGVADYLQTYHK,0.14712453,non-amyloid
ESLAQVINTFDGVADYLQTYHK,0.4401393,non-amyloid
GTVSFVTSPHQGAGMVGKVTVN,0.26260635,non-amyloid
KDRVQSKIGSLDNITHVPGGGN,0.13128036,non-amyloid
KLSAQVINTFDGVADYLQTYHK,0.1821871,non-amyloid
KSEAQVINTFDGVADYLQTYHK,0.11805035,non-amyloid
LGVVGSTTTQLYTDSTEKLRPE,0.6985817,amyloid
LLSAQVINTFDGVADYLQTYHK,0.27403224,non-amyloid
SLEAQVINTFDGVADYLQTYHK,0.23140211,non-amyloid
SLSAQVINTFDGVADYLQTYHK,0.252201,non-amyloid
SNFLNCYVSGFHPSDIEVDLLK,0.17100573,non-amyloid
VPSNEEQIKKLLELEAKKHLQY,0.107526906,non-amyloid
VPSNEEQIKNLLQLEAQEHLQY,0.14214535,non-amyloid
DSGYEVHHQKLVFFAEDVGSNKG,0.20064653,non-amyloid
GTGNTEKMAELIAKGIIESGKDY,0.119039476,non-amyloid
INNTKSFEDIHQYREQIKRVKDS,0.053976312,non-amyloid
KSSTEEKYNEKGELSEKKITRAD,0.012499648,non-amyloid
QNNFVHDCVNITIKQHTVTTTTK,0.9600256,amyloid
AEAIGNVAVAGELPVAGKTAVAGR,0.755849,amyloid
GAAVPGVLGGLGALGGVGIPGGVV,0.57577795,amyloid
LSKVTSKCGSLGNIHHKPGGGQVE,0.46671194,non-amyloid
LVFFAEDVGSNKGAIIGLMVGGVV,0.7160161,amyloid
PHKSSLPEGIRPGTVLRIRGLVPP,0.09098486,non-amyloid
SAPNLATLVKVTTNHFTHEEAMMD,0.2338934,non-amyloid
GAAGLGGLGVGGLGVPGVGGLGGLV,0.85131437,amyloid
GLVGAAGLGGLGVGGLGVPGVGGLG,0.8422023,amyloid
HDSGYEVHHQKLVFFAEDVGSNKGA,0.31329665,non-amyloid
IKNESKASNTFINNAANMSIRRSMA,0.37182787,non-amyloid
IKNESKYSNTFINNAYNMSIRRSMA,0.26509973,non-amyloid
KGTFEKATSEAYAYADTLKKDNGEY,0.12597805,non-amyloid
YEAGKEKYVKELPEHLKPFETLLSQ,0.01953121,non-amyloid
AVRLSLGAQNLASSQIQRNPVLITLG,0.51061904,amyloid
CHQKLVFFAEDYNGKDEAFFVLKQHW,0.63745284,amyloid
CHQKLVFFAEDYNGKHQKLVFFAEDC,0.7726481,amyloid
CHQKLVFFAEDYNGKHQKLVFFAEDW,0.6494488,amyloid
KLDFKDRVQSKIGSLDNITHVPGGGN,0.1575865,non-amyloid
SRFHVNLLCGEEQGSDAALHFNPRLD,0.2715929,non-amyloid
DILTLLNSTNKDWWKVEVNDRQGFVPA,0.15490924,non-amyloid
CHQKLVFFAEDDYNGKHQKLVFFAEDSC,0.65231514,amyloid
DAEFRHDSGYEVHHQKLVFFAEDVGSNK,0.17243962,non-amyloid
DQKEAALVDMVNDGVEDLRCKYATLIYT,0.49779773,non-amyloid
ETDVKMMERVVEQMCVTQYQKESQAYYD,0.6014844,amyloid
KPFIARFEGRLFSRSDELKAIIKELTGE,0.21001504,non-amyloid
KPFLARFRGRIFSRSDELRTLIAAFTGE,0.2331914,non-amyloid
KPFLARVEGRIFSRSDELRAYITAYTGE,0.25299844,non-amyloid
KPFTARFEGRIFSRSDELRALITEITGE,0.25717795,non-amyloid
KPFTARISGRLFSRSDELKTIIATITGE,0.51200515,amyloid
KPYIARFEGRLFSRSDELRAVIEAHTGE,0.060664143,non-amyloid
VHHQKLVFFAEDVGSNKAIIGLMVGGVV,0.5929586,amyloid
EPEITLIIFGVMAGVIGTILLISYGIRRL,0.2220417,non-amyloid
GLSDGEQQVLVWIVNVWGKEADAGHGQEL,0.34830484,non-amyloid
GLSDGEQQVLWINVWGKVEADAGHGQEVL,0.31931293,non-amyloid
GLSDGEWQQVENVWGKVEADIAGHGQLVL,0.084549315,non-amyloid
GLSDGEWQQVLENVWGKVEADIAGHGQVL,0.18257447,non-amyloid
GLSDGEWQQVLNVWGKVEADIAGHGQEVL,0.18200201,non-amyloid
HSQGTFTSDYSKYLDSRRAQDFVQWLMNT,0.12439428,non-amyloid
GQPFEVLIIASDDGFKAVVGDAQYHHFRHR,0.020983983,non-amyloid
VKSEKLDFKDRVQSKIGSLDNITHVPGGGN,0.17697144,non-amyloid
EGEWQLVLHVWAKVEADVAGHGQDILIRLFK,0.55659765,amyloid
FHVNLLCGEEQGSDAALHFNPRLDTSEVVFN,0.16244873,non-amyloid
VNLLCGEEQGSDAALHFNPRLDTSEVVFNSK,0.47150165,non-amyloid
YEVHHQKLVFFAEDVGSNKGAIIGLMVGGVV,0.80987334,amyloid
FHVNLLCGEEQGSDAALHFNPRLDTSEVVFNS,0.51367563,amyloid
HVNLLCGEEQGSDAALHFNPRLDTSEVVFNSK,0.5491928,amyloid
FHVNLLCGEEQGSDAALHFNPRLDTSEVVFNSK,0.48164782,non-amyloid
YHSRALQVVRARKQIVAGVNYFLDVELGRTTCT,0.06839304,non-amyloid
YHSRALQVVRARKQIVAGVNYFLDVEQGRTTCT,0.0442296,non-amyloid
EASNCFAIRHFENKFAVETLICFNLFLNSQEKHY,0.58900875,amyloid
EASNCFAIRHFENKFAVETLICSRTVKKNIIEEN,0.5463778,amyloid
LPICPGGAARCQTVLRDLFDRAVVLSHYIHNLSS,0.54381406,amyloid
FGIPCCPVHLKRLLIVVVVVVLVVVVIVGALLMGL,0.50025696,amyloid
FHVNLLCGEEQGSDAALHFNPRLDTSEVVFNSKEQ,0.09943062,non-amyloid
RFHVNLLCGEEQGSDAALHFNPRLDTSEVVFNSKE,0.029440954,non-amyloid
SRFHVNLLCGEEQGSDAALHFNPRLDTSEVVFNSK,0.07373409,non-amyloid
IRKRYRKFLNESYKHEQVYIRSTDVDRTLMSAMTNL,0.0423905,non-amyloid
KPVDLSKVTSKCGSLGNIHHKPGGGQVEVKSEKLDF,0.69807106,amyloid
QTAPVPMPDLKNVKSKIGSTENLKHQPGGGKVQIVY,0.21635593,non-amyloid
SRFHVNLLCGEEQGSDAALHFNPRLDTSEVVFNSKEQ,0.067552485,non-amyloid
GIHKQKEKSRLQGGVLVNEILNHMKRATQIPSYKKLIMY,0.07672727,non-amyloid
DAAFRHDSGYEVHHQKLVFFAEDVGSNKGAIIGLMVGGVV,0.32333905,non-amyloid
DAEFRHDSGYEVHHLKLVFFAEDVGSNKGAIIGLMVGGVV,0.4140554,non-amyloid
DAEFRHDSGYEVHHQKLVFFAADVGSNKGAIIGLMVGGVV,0.4123604,non-amyloid
DAEFRHDSGYEVHHQKLVFFADDVGSNKGAIIGLMVGGVV,0.35764113,non-amyloid
DAEFRHDSGYEVHHQKLVFFAEDMGSNKGAIIGLMVGGVV,0.3315476,non-amyloid
DAEFRHDSGYEVHHQKLVFFAEDVGSNKGAIIGLLVGGVV,0.40167278,non-amyloid
DAEFRHDSGYEVHHQKLVFFAEDVGSNKGAIIGLMPGGVV,0.15070245,non-amyloid
DAEFRHDSGYEVHHQKLVFFAEDVGSNKGAIIGLMVGGVV,0.42099848,non-amyloid
DAEFRHDSGYEVHHQKLVFFAEDVGSNKGAIIGLMVGPVV,0.23697938,non-amyloid
DAEFRHDSGYEVHHQKLVFFAEDVGSNKGAIIGLMVPGVV,0.15420532,non-amyloid
DAEFRHDSGYEVHHQKLVFFAEDVGSNKGAIIVLMVGGVA,0.30290812,non-amyloid
DAEFRHDSGYEVHHQKLVFFAEDVGSSKGAIIGLMVGGVV,0.43627793,non-amyloid
DAEFRHDSGYEVHHQKLVFFAEYVGSNKGAIIGLMVGGVV,0.37585542,non-amyloid
DAEFRHDSGYEVHHQKLVFFAPDVGSNKGAIIGLMVGGVV,0.32714987,non-amyloid
DAEFRHDSGYEVHHQKLVFFAQDVGSNKGAIIGLMVGGVV,0.40008554,non-amyloid
DAEFRHDSGYEVHHQKLVFFMEDVGSNKGAIIGLLVGGVV,0.21906465,non-amyloid
DAEFRHDSGYEVHHQKLVVFVEDVGSNKGAIIGLMVGGVV,0.53105986,amyloid
DAEFRHDSGYEVHHQKPVFFAEDVGSNKGAIIGLMVGGVV,0.2245474,non-amyloid
DAEFRHDSGYEVHHQTLVFFAEDAGSNKGAIIGLMVGGVV,0.3675452,non-amyloid
DAEFRHDSGYEVHHQTLVFFVEDVGSNKGAIIGLMVGGVV,0.5629173,amyloid
DAEFRHDSGYEVHHRKLVFFAEDVGSNKGAIIGLMVGGVV,0.39095357,non-amyloid
DAEFRHDSGYEVHPQKLVFFAEDVGSNKGAIIGLMVGGVV,0.30799785,non-amyloid
DAEFRHDSGYEVHYQKLVFFAEDVGSNKGAIIGLMVGGVV,0.4801605,non-amyloid
DAEFRHNSGYEVHYQKLVFFAEDVGSNKGAIIGLMVGGVM,0.51212645,amyloid
DAEPRHDSGYEVHHQKLVFFAEDVGSNKGAIIGLMVGGVV,0.29520044,non-amyloid
DVEFRHDSGYEVHHQKLVFFAEDVGSNKGAIIGLMVGGVV,0.5483726,amyloid
DVEFRHDSGYEVHHQKLVFFAEDVGSNKGALIGLLVGGVV,0.33937496,non-amyloid
DVEFRHDSGYEVHHQKLVFFAGDVGSNKGAIIGLMVGGVV,0.5248959,amyloid
GAEFRHDSGYEVHHQKLVFFVEDVGSNKGAIIGLMVGGVV,0.6102364,amyloid
DAEFRHDSGYEVHHQKLVAFFEDVGSNKGAIIGLLGGVVVIA,0.32758182,non-amyloid
DAEFRHDSGYEVHHQKLVAFFEDVGSNKGAIIGLLVGGVVIA,0.2729201,non-amyloid
DAEFRHDSGYEVHHQKLVFFAEDVGSNDGAIIGLLVGFVVIA,0.2290538,non-amyloid
DAEFRHDSGYEVHHQKLVFFAEDVGSNDGAIIGLLVGGVVIA,0.24633549,non-amyloid
DAEFRHDSGYEVHHQKLVFFAEDVGSNKGAIIGLLVGGVVIA,0.38753077,non-amyloid
DAEFRHDSGYEVHHQKLVFFAEDVGSNKGAIIGLMVGGVVIA,0.39022896,non-amyloid
DAEFRHDSGYEVHHQKLVFFAEKVGSNDGAIIGLLVGGVVIA,0.34311992,non-amyloid
DAEFRHDSGYEVHHQKLVFFAEKVGSNKGAIIGLLVGGVVIA,0.35158464,non-amyloid
DAEFRHDSGYEVHHQKLVGFAEDVGSNKGAIIGLLVGFVVIA,0.22519562,non-amyloid
DAEFRHDSGYEVHHQKLVGFAEDVGSNKGAIIGLLVGGVVIA,0.2885131,non-amyloid
NLKHQPGGGKVQIVYKPVDLSKVTSKCGSLGNIHHKPGGGQVE,0.14028004,non-amyloid
MEGLFNAIKDTVTAAINNDGAKLGTSIVSIVENGVGLLGKLFGF,0.44828323,non-amyloid
MTGLAEAIANTVQAAQQHDSVKLGTSIVDIVANGVGLLGKLFGF,0.38925183,non-amyloid
KKQQQQQQQQQQQQQQQQQQQQQQQQQQQQQQQQQQQQQQQQQQQQKK,0.3594527,non-amyloid
QINSRWWCNDGRTPGSRNLCNIPCSALLSSDITASVNCAKKIVSDGNGMNA,0.14082131,non-amyloid
SYGGEGIGNVAVAGELPVAGKTAVAGRVPIIGAVGFGGPAGAAGAVSIAGR,0.12652172,non-amyloid
GSTDYGILQINSRWWCNDGRTPGSRNLCNIPCSALLSSDITASVNCAKKIVSD,0.06336456,non-amyloid
GQGGGTHNQWNKPSKPKTNMKHMAGAAAAGAVVGGLGYMLGSAMSRPMMHFGNDW,0.06566575,non-amyloid
GQGGGTHNQWNKPSKPKTNMKHMAGAAAAGAVVGGLGGYMLGSAMSRPMMHFGNDW,0.07562181,non-amyloid
GQPHGGGWGQGGGTHSQWNKPSKPKTNMKHMAGAAAAGAVVGGLGGYMLGSAMSRPIIHFGSDYE,0.05573005,non-amyloid
MATLEKLMKAFESLKSFQQQQQQQQQQQQQQQQQQQQQQQQQQQQQQQQQQQQQQQQQQPPPPPPPPPPKK,0.13746929,non-amyloid
GKTKEGVLYVGSKTKEGVVHGVATVAEKTKEQVTNVGGAVVTGVTAVAQKTVEGAGSIAAATGFVKKDQLGKNEEGAPQ,0.20360054,non-amyloid
DEPPQSPWDRVKDLATVYVDVLKDSRRDYVSQFEGSALGKQLNLKLLDNWDSVTSTFSKLREQLGPVTQEFWDNLEKETEGLR,0.025268944,non-amyloid
